"Date Time, GMT+00:00","Temp, °C"
26-01-21 19:00:00,2.624
26-01-21 19:15:00,2.943
26-01-21 19:30:00,3.049
26-01-21 19:45:00,3.367
26-01-21 20:00:00,3.578
26-01-21 20:15:00,3.788
26-01-21 20:30:00,4.207
26-01-21 20:45:00,4.519
26-01-21 21:00:00,4.623
26-01-21 21:15:00,4.623
26-01-21 21:30:00,4.519
26-01-21 21:45:00,4.415
26-01-21 22:00:00,4.415
26-01-21 22:15:00,4.311
26-01-21 22:30:00,4.102
26-01-21 22:45:00,3.998
26-01-21 23:00:00,3.893
26-01-21 23:15:00,3.683
26-01-21 23:30:00,3.472
26-01-21 23:45:00,3.367
26-01-22 00:00:00,3.261
26-01-22 00:15:00,3.155
26-01-22 00:30:00,3.049
26-01-22 00:45:00,2.837
26-01-22 01:00:00,2.730
26-01-22 01:15:00,2.624
26-01-22 01:30:00,2.517
26-01-22 01:45:00,2.303
26-01-22 02:00:00,2.303
26-01-22 02:15:00,2.195
26-01-22 02:30:00,2.088
26-01-22 02:45:00,1.980
26-01-22 03:00:00,1.980
26-01-22 03:15:00,1.872
26-01-22 03:30:00,1.764
26-01-22 03:45:00,1.764
26-01-22 04:00:00,1.656
26-01-22 04:15:00,1.548
26-01-22 04:30:00,1.548
26-01-22 04:45:00,1.439
26-01-22 05:00:00,1.439
26-01-22 05:15:00,1.330
26-01-22 05:30:00,1.221
26-01-22 05:45:00,1.221
26-01-22 06:00:00,1.112
26-01-22 06:15:00,1.003
26-01-22 06:30:00,1.003
26-01-22 06:45:00,0.893
26-01-22 07:00:00,0.784
26-01-22 07:15:00,0.674
26-01-22 07:30:00,0.674
26-01-22 07:45:00,0.563
26-01-22 08:00:00,0.453
26-01-22 08:15:00,0.453
26-01-22 08:30:00,0.343
26-01-22 08:45:00,0.343
26-01-22 09:00:00,0.232
26-01-22 09:15:00,0.232
26-01-22 09:30:00,0.232
26-01-22 09:45:00,0.121
26-01-22 10:00:00,0.121
26-01-22 10:15:00,0.121
26-01-22 10:30:00,0.121
26-01-22 10:45:00,0.121
26-01-22 11:00:00,0.121
26-01-22 11:15:00,0.121
26-01-22 11:30:00,0.232
26-01-22 11:45:00,0.121
26-01-22 12:00:00,0.121
26-01-22 12:15:00,0.121
26-01-22 12:30:00,0.232
26-01-22 12:45:00,0.121
26-01-22 13:00:00,0.121
26-01-22 13:15:00,0.121
26-01-22 13:30:00,0.121
26-01-22 13:45:00,0.121
26-01-22 14:00:00,0.121
26-01-22 14:15:00,0.121
26-01-22 14:30:00,0.121
26-01-22 14:45:00,0.232
26-01-22 15:00:00,0.232
26-01-22 15:15:00,0.232
26-01-22 15:30:00,0.232
26-01-22 15:45:00,0.232
26-01-22 16:00:00,0.232
26-01-22 16:15:00,0.343
26-01-22 16:30:00,0.453
26-01-22 16:45:00,0.674
26-01-22 17:00:00,0.784
26-01-22 17:15:00,0.893
26-01-22 17:30:00,1.003
26-01-22 17:45:00,1.221
26-01-22 18:00:00,1.330
26-01-22 18:15:00,1.548
26-01-22 18:30:00,1.764
26-01-22 18:45:00,1.872
26-01-22 19:00:00,1.980
26-01-22 19:15:00,2.088
26-01-22 19:30:00,2.410
26-01-22 19:45:00,2.730
26-01-22 20:00:00,2.837
26-01-22 20:15:00,2.837
26-01-22 20:30:00,3.155
26-01-22 20:45:00,3.155
26-01-22 21:00:00,3.155
26-01-22 21:15:00,2.943
26-01-22 21:30:00,2.837
26-01-22 21:45:00,2.730
26-01-22 22:00:00,2.624
26-01-22 22:15:00,2.624
26-01-22 22:30:00,2.624
26-01-22 22:45:00,2.517
26-01-22 23:00:00,2.303
26-01-22 23:15:00,2.088
26-01-22 23:30:00,1.980
26-01-22 23:45:00,1.764
26-01-23 00:00:00,1.656
26-01-23 00:15:00,1.548
26-01-23 00:30:00,1.548
26-01-23 00:45:00,1.439
26-01-23 01:00:00,1.330
26-01-23 01:15:00,1.330
26-01-23 01:30:00,1.221
26-01-23 01:45:00,1.221
26-01-23 02:00:00,1.221
26-01-23 02:15:00,1.112
26-01-23 02:30:00,1.003
26-01-23 02:45:00,1.003
26-01-23 03:00:00,0.893
26-01-23 03:15:00,0.893
26-01-23 03:30:00,0.784
26-01-23 03:45:00,0.674
26-01-23 04:00:00,0.674
26-01-23 04:15:00,0.563
26-01-23 04:30:00,0.563
26-01-23 04:45:00,0.453
26-01-23 05:00:00,0.453
26-01-23 05:15:00,0.453
26-01-23 05:30:00,0.343
26-01-23 05:45:00,0.343
26-01-23 06:00:00,0.232
26-01-23 06:15:00,0.232
26-01-23 06:30:00,0.232
26-01-23 06:45:00,0.121
26-01-23 07:00:00,0.121
26-01-23 07:15:00,0.121
26-01-23 07:30:00,0.121
26-01-23 07:45:00,0.121
26-01-23 08:00:00,0.121
26-01-23 08:15:00,0.121
26-01-23 08:30:00,0.121
26-01-23 08:45:00,0.121
26-01-23 09:00:00,0.121
26-01-23 09:15:00,0.121
26-01-23 09:30:00,0.121
26-01-23 09:45:00,0.121
26-01-23 10:00:00,0.121
26-01-23 10:15:00,0.121
26-01-23 10:30:00,0.121
26-01-23 10:45:00,0.121
26-01-23 11:00:00,0.121
26-01-23 11:15:00,0.121
26-01-23 11:30:00,0.121
26-01-23 11:45:00,0.121
26-01-23 12:00:00,0.121
26-01-23 12:15:00,0.121
26-01-23 12:30:00,0.121
26-01-23 12:45:00,0.121
26-01-23 13:00:00,0.121
26-01-23 13:15:00,0.121
26-01-23 13:30:00,0.121
26-01-23 13:45:00,0.121
26-01-23 14:00:00,0.121
26-01-23 14:15:00,0.121
26-01-23 14:30:00,0.121
26-01-23 14:45:00,0.121
26-01-23 15:00:00,0.121
26-01-23 15:15:00,0.232
26-01-23 15:30:00,0.232
26-01-23 15:45:00,0.232
26-01-23 16:00:00,0.232
26-01-23 16:15:00,0.343
26-01-23 16:30:00,0.343
26-01-23 16:45:00,0.343
26-01-23 17:00:00,0.453
26-01-23 17:15:00,0.453
26-01-23 17:30:00,0.563
26-01-23 17:45:00,0.563
26-01-23 18:00:00,0.563
26-01-23 18:15:00,0.563
26-01-23 18:30:00,0.563
26-01-23 18:45:00,0.563
26-01-23 19:00:00,0.674
26-01-23 19:15:00,0.674
26-01-23 19:30:00,0.563
26-01-23 19:45:00,0.563
26-01-23 20:00:00,0.563
26-01-23 20:15:00,0.563
26-01-23 20:30:00,0.563
26-01-23 20:45:00,0.453
26-01-23 21:00:00,0.453
26-01-23 21:15:00,0.453
26-01-23 21:30:00,0.343
26-01-23 21:45:00,0.343
26-01-23 22:00:00,0.343
26-01-23 22:15:00,0.343
26-01-23 22:30:00,0.343
26-01-23 22:45:00,0.343
26-01-23 23:00:00,0.232
26-01-23 23:15:00,0.232
26-01-23 23:30:00,0.232
26-01-23 23:45:00,0.232
26-01-24 00:00:00,0.121
26-01-24 00:15:00,0.121
26-01-24 00:30:00,0.121
26-01-24 00:45:00,0.121
26-01-24 01:00:00,0.121
26-01-24 01:15:00,0.121
26-01-24 01:30:00,0.121
26-01-24 01:45:00,0.121
26-01-24 02:00:00,0.121
26-01-24 02:15:00,0.121
26-01-24 02:30:00,0.121
26-01-24 02:45:00,0.121
26-01-24 03:00:00,0.121
26-01-24 03:15:00,0.121
26-01-24 03:30:00,0.121
26-01-24 03:45:00,0.121
26-01-24 04:00:00,0.121
26-01-24 04:15:00,0.121
26-01-24 04:30:00,0.121
26-01-24 04:45:00,0.121
26-01-24 05:00:00,0.121
26-01-24 05:15:00,0.121
26-01-24 05:30:00,0.121
26-01-24 05:45:00,0.121
26-01-24 06:00:00,0.121
26-01-24 06:15:00,0.121
26-01-24 06:30:00,0.121
26-01-24 06:45:00,0.121
26-01-24 07:00:00,0.121
26-01-24 07:15:00,0.121
26-01-24 07:30:00,0.121
26-01-24 07:45:00,0.121
26-01-24 08:00:00,0.121
26-01-24 08:15:00,0.121
26-01-24 08:30:00,0.121
26-01-24 08:45:00,0.121
26-01-24 09:00:00,0.121
26-01-24 09:15:00,0.121
26-01-24 09:30:00,0.121
26-01-24 09:45:00,0.121
26-01-24 10:00:00,0.121
26-01-24 10:15:00,0.121
26-01-24 10:30:00,0.121
26-01-24 10:45:00,0.121
26-01-24 11:00:00,0.121
26-01-24 11:15:00,0.121
26-01-24 11:30:00,0.121
26-01-24 11:45:00,0.121
26-01-24 12:00:00,0.121
26-01-24 12:15:00,0.121
26-01-24 12:30:00,0.121
26-01-24 12:45:00,0.121
26-01-24 13:00:00,0.121
26-01-24 13:15:00,0.121
26-01-24 13:30:00,0.121
26-01-24 13:45:00,0.121
26-01-24 14:00:00,0.121
26-01-24 14:15:00,0.121
26-01-24 14:30:00,0.121
26-01-24 14:45:00,0.232
26-01-24 15:00:00,0.232
26-01-24 15:15:00,0.232
26-01-24 15:30:00,0.232
26-01-24 15:45:00,0.232
26-01-24 16:00:00,0.232
26-01-24 16:15:00,0.343
26-01-24 16:30:00,0.453
26-01-24 16:45:00,0.563
26-01-24 17:00:00,0.674
26-01-24 17:15:00,0.674
26-01-24 17:30:00,0.784
26-01-24 17:45:00,0.784
26-01-24 18:00:00,0.784
26-01-24 18:15:00,0.893
26-01-24 18:30:00,0.674
26-01-24 18:45:00,0.893
26-01-24 19:00:00,0.784
26-01-24 19:15:00,0.674
26-01-24 19:30:00,0.893
26-01-24 19:45:00,0.893
26-01-24 20:00:00,0.893
26-01-24 20:15:00,0.674
26-01-24 20:30:00,0.893
26-01-24 20:45:00,1.112
26-01-24 21:00:00,0.893
26-01-24 21:15:00,0.674
26-01-24 21:30:00,0.784
26-01-24 21:45:00,0.453
26-01-24 22:00:00,0.453
26-01-24 22:15:00,0.453
26-01-24 22:30:00,0.343
26-01-24 22:45:00,0.343
26-01-24 23:00:00,0.343
26-01-24 23:15:00,0.343
26-01-24 23:30:00,0.232
26-01-24 23:45:00,0.232
26-01-25 00:00:00,0.232
26-01-25 00:15:00,0.232
26-01-25 00:30:00,0.232
26-01-25 00:45:00,0.232
26-01-25 01:00:00,0.232
26-01-25 01:15:00,0.121
26-01-25 01:30:00,0.121
26-01-25 01:45:00,0.232
26-01-25 02:00:00,0.121
26-01-25 02:15:00,0.121
26-01-25 02:30:00,0.121
26-01-25 02:45:00,0.121
26-01-25 03:00:00,0.121
26-01-25 03:15:00,0.121
26-01-25 03:30:00,0.121
26-01-25 03:45:00,0.232
26-01-25 04:00:00,0.121
26-01-25 04:15:00,0.121
26-01-25 04:30:00,0.121
26-01-25 04:45:00,0.121
26-01-25 05:00:00,0.121
26-01-25 05:15:00,0.121
26-01-25 05:30:00,0.121
26-01-25 05:45:00,0.121
26-01-25 06:00:00,0.121
26-01-25 06:15:00,0.121
26-01-25 06:30:00,0.121
26-01-25 06:45:00,0.121
26-01-25 07:00:00,0.121
26-01-25 07:15:00,0.121
26-01-25 07:30:00,0.121
26-01-25 07:45:00,0.121
26-01-25 08:00:00,0.121
26-01-25 08:15:00,0.121
26-01-25 08:30:00,0.121
26-01-25 08:45:00,0.121
26-01-25 09:00:00,0.121
26-01-25 09:15:00,0.121
26-01-25 09:30:00,0.121
26-01-25 09:45:00,0.121
26-01-25 10:00:00,0.121
26-01-25 10:15:00,0.121
26-01-25 10:30:00,0.121
26-01-25 10:45:00,0.121
26-01-25 11:00:00,0.121
26-01-25 11:15:00,0.121
26-01-25 11:30:00,0.121
26-01-25 11:45:00,0.121
26-01-25 12:00:00,0.121
26-01-25 12:15:00,0.121
26-01-25 12:30:00,0.121
26-01-25 12:45:00,0.121
26-01-25 13:00:00,0.121
26-01-25 13:15:00,0.121
26-01-25 13:30:00,0.121
26-01-25 13:45:00,0.121
26-01-25 14:00:00,0.121
26-01-25 14:15:00,0.121
26-01-25 14:30:00,0.121
26-01-25 14:45:00,0.232
26-01-25 15:00:00,0.232
26-01-25 15:15:00,0.232
26-01-25 15:30:00,0.232
26-01-25 15:45:00,0.232
26-01-25 16:00:00,0.232
26-01-25 16:15:00,0.343
26-01-25 16:30:00,0.453
26-01-25 16:45:00,0.674
26-01-25 17:00:00,0.784
26-01-25 17:15:00,0.784
26-01-25 17:30:00,0.893
26-01-25 17:45:00,0.784
26-01-25 18:00:00,0.893
26-01-25 18:15:00,1.003
26-01-25 18:30:00,0.893
26-01-25 18:45:00,1.003
26-01-25 19:00:00,0.893
26-01-25 19:15:00,0.784
26-01-25 19:30:00,0.674
26-01-25 19:45:00,0.674
26-01-25 20:00:00,0.674
26-01-25 20:15:00,0.674
26-01-25 20:30:00,0.674
26-01-25 20:45:00,0.674
26-01-25 21:00:00,0.563
26-01-25 21:15:00,0.563
26-01-25 21:30:00,0.453
26-01-25 21:45:00,0.343
26-01-25 22:00:00,0.343
26-01-25 22:15:00,0.232
26-01-25 22:30:00,0.232
26-01-25 22:45:00,0.232
26-01-25 23:00:00,0.232
26-01-25 23:15:00,0.232
26-01-25 23:30:00,0.232
26-01-25 23:45:00,0.232
26-01-26 00:00:00,0.232
26-01-26 00:15:00,0.232
26-01-26 00:30:00,0.232
26-01-26 00:45:00,0.232
26-01-26 01:00:00,0.121
26-01-26 01:15:00,0.121
26-01-26 01:30:00,0.232
26-01-26 01:45:00,0.232
26-01-26 02:00:00,0.232
26-01-26 02:15:00,0.232
26-01-26 02:30:00,0.232
26-01-26 02:45:00,0.232
26-01-26 03:00:00,0.232
26-01-26 03:15:00,0.232
26-01-26 03:30:00,0.121
26-01-26 03:45:00,0.121
26-01-26 04:00:00,0.121
26-01-26 04:15:00,0.121
26-01-26 04:30:00,0.121
26-01-26 04:45:00,0.121
26-01-26 05:00:00,0.121
26-01-26 05:15:00,0.121
26-01-26 05:30:00,0.121
26-01-26 05:45:00,0.121
26-01-26 06:00:00,0.121
26-01-26 06:15:00,0.121
26-01-26 06:30:00,0.121
26-01-26 06:45:00,0.121
26-01-26 07:00:00,0.121
26-01-26 07:15:00,0.121
26-01-26 07:30:00,0.121
26-01-26 07:45:00,0.121
26-01-26 08:00:00,0.121
26-01-26 08:15:00,0.121
26-01-26 08:30:00,0.121
26-01-26 08:45:00,0.121
26-01-26 09:00:00,0.121
26-01-26 09:15:00,0.121
26-01-26 09:30:00,0.121
26-01-26 09:45:00,0.121
26-01-26 10:00:00,0.121
26-01-26 10:15:00,0.121
26-01-26 10:30:00,0.121
26-01-26 10:45:00,0.121
26-01-26 11:00:00,0.121
26-01-26 11:15:00,0.121
26-01-26 11:30:00,0.121
26-01-26 11:45:00,0.121
26-01-26 12:00:00,0.121
26-01-26 12:15:00,0.121
26-01-26 12:30:00,0.121
26-01-26 12:45:00,0.121
26-01-26 13:00:00,0.121
26-01-26 13:15:00,0.121
26-01-26 13:30:00,0.121
26-01-26 13:45:00,0.121
26-01-26 14:00:00,0.121
26-01-26 14:15:00,0.121
26-01-26 14:30:00,0.121
26-01-26 14:45:00,0.232
26-01-26 15:00:00,0.232
26-01-26 15:15:00,0.232
26-01-26 15:30:00,0.232
26-01-26 15:45:00,0.232
26-01-26 16:00:00,0.232
26-01-26 16:15:00,0.343
26-01-26 16:30:00,0.453
26-01-26 16:45:00,0.674
26-01-26 17:00:00,0.674
26-01-26 17:15:00,0.784
26-01-26 17:30:00,0.784
26-01-26 17:45:00,0.784
26-01-26 18:00:00,0.893
26-01-26 18:15:00,0.893
26-01-26 18:30:00,0.893
26-01-26 18:45:00,0.893
26-01-26 19:00:00,0.674
26-01-26 19:15:00,0.563
26-01-26 19:30:00,0.453
26-01-26 19:45:00,0.563
26-01-26 20:00:00,0.453
26-01-26 20:15:00,0.343
26-01-26 20:30:00,0.784
26-01-26 20:45:00,0.784
26-01-26 21:00:00,0.343
26-01-26 21:15:00,0.232
26-01-26 21:30:00,0.343
26-01-26 21:45:00,0.121
26-01-26 22:00:00,0.121
26-01-26 22:15:00,0.121
26-01-26 22:30:00,0.232
26-01-26 22:45:00,0.232
26-01-26 23:00:00,0.232
26-01-26 23:15:00,0.232
26-01-26 23:30:00,0.232
26-01-26 23:45:00,0.121
26-01-27 00:00:00,0.121
26-01-27 00:15:00,0.121
26-01-27 00:30:00,0.121
26-01-27 00:45:00,0.121
26-01-27 01:00:00,0.121
26-01-27 01:15:00,0.121
26-01-27 01:30:00,0.010
26-01-27 01:45:00,0.010
26-01-27 02:00:00,0.010
26-01-27 02:15:00,0.010
26-01-27 02:30:00,0.010
26-01-27 02:45:00,0.010
26-01-27 03:00:00,0.010
26-01-27 03:15:00,0.010
26-01-27 03:30:00,0.010
26-01-27 03:45:00,0.010
26-01-27 04:00:00,0.010
26-01-27 04:15:00,0.010
26-01-27 04:30:00,0.010
26-01-27 04:45:00,0.121
26-01-27 05:00:00,0.121
26-01-27 05:15:00,0.121
26-01-27 05:30:00,0.121
26-01-27 05:45:00,0.121
26-01-27 06:00:00,0.121
26-01-27 06:15:00,0.121
26-01-27 06:30:00,0.121
26-01-27 06:45:00,0.121
26-01-27 07:00:00,0.121
26-01-27 07:15:00,0.121
26-01-27 07:30:00,0.121
26-01-27 07:45:00,0.121
26-01-27 08:00:00,0.121
26-01-27 08:15:00,0.121
26-01-27 08:30:00,0.121
26-01-27 08:45:00,0.121
26-01-27 09:00:00,0.121
26-01-27 09:15:00,0.121
26-01-27 09:30:00,0.121
26-01-27 09:45:00,0.121
26-01-27 10:00:00,0.121
26-01-27 10:15:00,0.121
26-01-27 10:30:00,0.121
26-01-27 10:45:00,0.121
26-01-27 11:00:00,0.121
26-01-27 11:15:00,0.121
26-01-27 11:30:00,0.121
26-01-27 11:45:00,0.121
26-01-27 12:00:00,0.121
26-01-27 12:15:00,0.121
26-01-27 12:30:00,0.121
26-01-27 12:45:00,0.121
26-01-27 13:00:00,0.121
26-01-27 13:15:00,0.121
26-01-27 13:30:00,0.121
26-01-27 13:45:00,0.121
26-01-27 14:00:00,0.121
26-01-27 14:15:00,0.121
26-01-27 14:30:00,0.232
26-01-27 14:45:00,0.232
26-01-27 15:00:00,0.232
26-01-27 15:15:00,0.232
26-01-27 15:30:00,0.232
26-01-27 15:45:00,0.232
26-01-27 16:00:00,0.343
26-01-27 16:15:00,0.343
26-01-27 16:30:00,0.453
26-01-27 16:45:00,0.453
26-01-27 17:00:00,0.453
26-01-27 17:15:00,0.453
26-01-27 17:30:00,0.563
26-01-27 17:45:00,0.784
26-01-27 18:00:00,1.003
26-01-27 18:15:00,1.003
26-01-27 18:30:00,1.112
26-01-27 18:45:00,1.112
26-01-27 19:00:00,1.112
26-01-27 19:15:00,1.003
26-01-27 19:30:00,1.112
26-01-27 19:45:00,1.221
26-01-27 20:00:00,1.112
26-01-27 20:15:00,1.112
26-01-27 20:30:00,1.439
26-01-27 20:45:00,1.548
26-01-27 21:00:00,1.330
26-01-27 21:15:00,1.112
26-01-27 21:30:00,1.221
26-01-27 21:45:00,0.893
26-01-27 22:00:00,0.893
26-01-27 22:15:00,0.784
26-01-27 22:30:00,0.784
26-01-27 22:45:00,0.674
26-01-27 23:00:00,0.674
26-01-27 23:15:00,0.563
26-01-27 23:30:00,0.563
26-01-27 23:45:00,0.453
26-01-28 00:00:00,0.453
26-01-28 00:15:00,0.453
26-01-28 00:30:00,0.343
26-01-28 00:45:00,0.343
26-01-28 01:00:00,0.343
26-01-28 01:15:00,0.343
26-01-28 01:30:00,0.343
26-01-28 01:45:00,0.232
26-01-28 02:00:00,0.232
26-01-28 02:15:00,0.232
26-01-28 02:30:00,0.232
26-01-28 02:45:00,0.232
26-01-28 03:00:00,0.232
26-01-28 03:15:00,0.232
26-01-28 03:30:00,0.121
26-01-28 03:45:00,0.121
26-01-28 04:00:00,0.121
26-01-28 04:15:00,0.121
26-01-28 04:30:00,0.121
26-01-28 04:45:00,0.121
26-01-28 05:00:00,0.121
26-01-28 05:15:00,0.121
26-01-28 05:30:00,0.121
26-01-28 05:45:00,0.121
26-01-28 06:00:00,0.121
26-01-28 06:15:00,0.121
26-01-28 06:30:00,0.121
26-01-28 06:45:00,0.121
26-01-28 07:00:00,0.121
26-01-28 07:15:00,0.121
26-01-28 07:30:00,0.121
26-01-28 07:45:00,0.121
26-01-28 08:00:00,0.121
26-01-28 08:15:00,0.121
26-01-28 08:30:00,0.121
26-01-28 08:45:00,0.121
26-01-28 09:00:00,0.121
26-01-28 09:15:00,0.121
26-01-28 09:30:00,0.121
26-01-28 09:45:00,0.121
26-01-28 10:00:00,0.121
26-01-28 10:15:00,0.121
26-01-28 10:30:00,0.121
26-01-28 10:45:00,0.121
26-01-28 11:00:00,0.121
26-01-28 11:15:00,0.121
26-01-28 11:30:00,0.121
26-01-28 11:45:00,0.121
26-01-28 12:00:00,0.121
26-01-28 12:15:00,0.121
26-01-28 12:30:00,0.121
26-01-28 12:45:00,0.121
26-01-28 13:00:00,0.121
26-01-28 13:15:00,0.121
26-01-28 13:30:00,0.121
26-01-28 13:45:00,0.121
26-01-28 14:00:00,0.121
26-01-28 14:15:00,0.121
26-01-28 14:30:00,0.121
26-01-28 14:45:00,0.121
26-01-28 15:00:00,0.232
26-01-28 15:15:00,0.232
26-01-28 15:30:00,0.232
26-01-28 15:45:00,0.232
26-01-28 16:00:00,0.232
26-01-28 16:15:00,0.232
26-01-28 16:30:00,0.232
26-01-28 16:45:00,0.343
26-01-28 17:00:00,0.343
26-01-28 17:15:00,0.343
26-01-28 17:30:00,0.343
26-01-28 17:45:00,0.343
26-01-28 18:00:00,0.343
26-01-28 18:15:00,0.343
26-01-28 18:30:00,0.343
26-01-28 18:45:00,0.343
26-01-28 19:00:00,0.343
26-01-28 19:15:00,0.343
26-01-28 19:30:00,0.343
26-01-28 19:45:00,0.453
26-01-28 20:00:00,0.453
26-01-28 20:15:00,0.453
26-01-28 20:30:00,0.453
26-01-28 20:45:00,0.453
26-01-28 21:00:00,0.453
26-01-28 21:15:00,0.453
26-01-28 21:30:00,0.893
26-01-28 21:45:00,0.674
26-01-28 22:00:00,0.674
26-01-28 22:15:00,0.674
26-01-28 22:30:00,0.674
26-01-28 22:45:00,0.674
26-01-28 23:00:00,0.674
26-01-28 23:15:00,0.674
26-01-28 23:30:00,0.674
26-01-28 23:45:00,0.563
26-01-29 00:00:00,0.453
26-01-29 00:15:00,0.453
26-01-29 00:30:00,0.453
26-01-29 00:45:00,0.453
26-01-29 01:00:00,0.453
26-01-29 01:15:00,0.343
26-01-29 01:30:00,0.343
26-01-29 01:45:00,0.343
26-01-29 02:00:00,0.343
26-01-29 02:15:00,0.343
26-01-29 02:30:00,0.343
26-01-29 02:45:00,0.343
26-01-29 03:00:00,0.232
26-01-29 03:15:00,0.343
26-01-29 03:30:00,0.343
26-01-29 03:45:00,0.343
26-01-29 04:00:00,0.343
26-01-29 04:15:00,0.343
26-01-29 04:30:00,0.343
26-01-29 04:45:00,0.343
26-01-29 05:00:00,0.343
26-01-29 05:15:00,0.343
26-01-29 05:30:00,0.343
26-01-29 05:45:00,0.343
26-01-29 06:00:00,0.343
26-01-29 06:15:00,0.343
26-01-29 06:30:00,0.343
26-01-29 06:45:00,0.343
26-01-29 07:00:00,0.343
26-01-29 07:15:00,0.343
26-01-29 07:30:00,0.232
26-01-29 07:45:00,0.232
26-01-29 08:00:00,0.232
26-01-29 08:15:00,0.232
26-01-29 08:30:00,0.232
26-01-29 08:45:00,0.232
26-01-29 09:00:00,0.232
26-01-29 09:15:00,0.232
26-01-29 09:30:00,0.121
26-01-29 09:45:00,0.121
26-01-29 10:00:00,0.121
26-01-29 10:15:00,0.121
26-01-29 10:30:00,0.121
26-01-29 10:45:00,0.121
26-01-29 11:00:00,0.121
26-01-29 11:15:00,0.121
26-01-29 11:30:00,0.121
26-01-29 11:45:00,0.121
26-01-29 12:00:00,0.121
26-01-29 12:15:00,0.121
26-01-29 12:30:00,0.121
26-01-29 12:45:00,0.121
26-01-29 13:00:00,0.121
26-01-29 13:15:00,0.121
26-01-29 13:30:00,0.121
26-01-29 13:45:00,0.121
26-01-29 14:00:00,0.121
26-01-29 14:15:00,0.121
26-01-29 14:30:00,0.121
26-01-29 14:45:00,0.232
26-01-29 15:00:00,0.232
26-01-29 15:15:00,0.121
26-01-29 15:30:00,0.232
26-01-29 15:45:00,0.232
26-01-29 16:00:00,0.343
26-01-29 16:15:00,0.343
26-01-29 16:30:00,0.343
26-01-29 16:45:00,0.563
26-01-29 17:00:00,0.674
26-01-29 17:15:00,0.893
26-01-29 17:30:00,1.003
26-01-29 17:45:00,1.112
26-01-29 18:00:00,1.221
26-01-29 18:15:00,1.439
26-01-29 18:30:00,1.548
26-01-29 18:45:00,1.656
26-01-29 19:00:00,1.656
26-01-29 19:15:00,1.656
26-01-29 19:30:00,1.872
26-01-29 19:45:00,2.195
26-01-29 20:00:00,2.088
26-01-29 20:15:00,2.195
26-01-29 20:30:00,2.517
26-01-29 20:45:00,2.517
26-01-29 21:00:00,2.410
26-01-29 21:15:00,2.088
26-01-29 21:30:00,2.410
26-01-29 21:45:00,1.872
26-01-29 22:00:00,1.764
26-01-29 22:15:00,1.872
26-01-29 22:30:00,1.764
26-01-29 22:45:00,1.656
26-01-29 23:00:00,1.548
26-01-29 23:15:00,1.439
26-01-29 23:30:00,1.330
26-01-29 23:45:00,1.221
26-01-30 00:00:00,1.112
26-01-30 00:15:00,1.112
26-01-30 00:30:00,1.003
26-01-30 00:45:00,0.893
26-01-30 01:00:00,0.893
26-01-30 01:15:00,0.893
26-01-30 01:30:00,0.784
26-01-30 01:45:00,0.784
26-01-30 02:00:00,0.674
26-01-30 02:15:00,0.674
26-01-30 02:30:00,0.674
26-01-30 02:45:00,0.563
26-01-30 03:00:00,0.563
26-01-30 03:15:00,0.453
26-01-30 03:30:00,0.453
26-01-30 03:45:00,0.453
26-01-30 04:00:00,0.343
26-01-30 04:15:00,0.343
26-01-30 04:30:00,0.343
26-01-30 04:45:00,0.232
26-01-30 05:00:00,0.232
26-01-30 05:15:00,0.232
26-01-30 05:30:00,0.232
26-01-30 05:45:00,0.121
26-01-30 06:00:00,0.121
26-01-30 06:15:00,0.121
26-01-30 06:30:00,0.121
26-01-30 06:45:00,0.121
26-01-30 07:00:00,0.121
26-01-30 07:15:00,0.121
26-01-30 07:30:00,0.121
26-01-30 07:45:00,0.121
26-01-30 08:00:00,0.121
26-01-30 08:15:00,0.121
26-01-30 08:30:00,0.121
26-01-30 08:45:00,0.121
26-01-30 09:00:00,0.121
26-01-30 09:15:00,0.121
26-01-30 09:30:00,0.121
26-01-30 09:45:00,0.121
26-01-30 10:00:00,0.121
26-01-30 10:15:00,0.121
26-01-30 10:30:00,0.121
26-01-30 10:45:00,0.121
26-01-30 11:00:00,0.121
26-01-30 11:15:00,0.121
26-01-30 11:30:00,0.121
26-01-30 11:45:00,0.121
26-01-30 12:00:00,0.121
26-01-30 12:15:00,0.121
26-01-30 12:30:00,0.121
26-01-30 12:45:00,0.121
26-01-30 13:00:00,0.121
26-01-30 13:15:00,0.121
26-01-30 13:30:00,0.121
26-01-30 13:45:00,0.121
26-01-30 14:00:00,0.121
26-01-30 14:15:00,0.121
26-01-30 14:30:00,0.121
26-01-30 14:45:00,0.121
26-01-30 15:00:00,0.121
26-01-30 15:15:00,0.121
26-01-30 15:30:00,0.121
26-01-30 15:45:00,0.121
26-01-30 16:00:00,0.232
26-01-30 16:15:00,0.232
26-01-30 16:30:00,0.453
26-01-30 16:45:00,0.674
26-01-30 17:00:00,0.784
26-01-30 17:15:00,0.893
26-01-30 17:30:00,0.893
26-01-30 17:45:00,1.003
26-01-30 18:00:00,1.112
26-01-30 18:15:00,1.221
26-01-30 18:30:00,1.330
26-01-30 18:45:00,1.548
26-01-30 19:00:00,1.439
26-01-30 19:15:00,1.656
26-01-30 19:30:00,1.872
26-01-30 19:45:00,2.303
26-01-30 20:00:00,2.303
26-01-30 20:15:00,2.410
26-01-30 20:30:00,2.730
26-01-30 20:45:00,2.730
26-01-30 21:00:00,2.730
26-01-30 21:15:00,2.624
26-01-30 21:30:00,2.730
26-01-30 21:45:00,2.624
26-01-30 22:00:00,2.517
26-01-30 22:15:00,2.410
26-01-30 22:30:00,2.303
26-01-30 22:45:00,2.195
26-01-30 23:00:00,1.980
26-01-30 23:15:00,1.980
26-01-30 23:30:00,1.872
26-01-30 23:45:00,1.872
26-01-31 00:00:00,1.764
26-01-31 00:15:00,1.656
26-01-31 00:30:00,1.548
26-01-31 00:45:00,1.439
26-01-31 01:00:00,1.439
26-01-31 01:15:00,1.439
26-01-31 01:30:00,1.330
26-01-31 01:45:00,1.330
26-01-31 02:00:00,1.221
26-01-31 02:15:00,1.221
26-01-31 02:30:00,1.221
26-01-31 02:45:00,1.112
26-01-31 03:00:00,1.003
26-01-31 03:15:00,1.003
26-01-31 03:30:00,0.893
26-01-31 03:45:00,0.893
26-01-31 04:00:00,0.784
26-01-31 04:15:00,0.784
26-01-31 04:30:00,0.674
26-01-31 04:45:00,0.674
26-01-31 05:00:00,0.563
26-01-31 05:15:00,0.563
26-01-31 05:30:00,0.563
26-01-31 05:45:00,0.563
26-01-31 06:00:00,0.453
26-01-31 06:15:00,0.453
26-01-31 06:30:00,0.453
26-01-31 06:45:00,0.343
26-01-31 07:00:00,0.343
26-01-31 07:15:00,0.453
26-01-31 07:30:00,0.343
26-01-31 07:45:00,0.343
26-01-31 08:00:00,0.343
26-01-31 08:15:00,0.343
26-01-31 08:30:00,0.343
26-01-31 08:45:00,0.343
26-01-31 09:00:00,0.343
26-01-31 09:15:00,0.343
26-01-31 09:30:00,0.343
26-01-31 09:45:00,0.343
26-01-31 10:00:00,0.453
26-01-31 10:15:00,0.343
26-01-31 10:30:00,0.343
26-01-31 10:45:00,0.343
26-01-31 11:00:00,0.343
26-01-31 11:15:00,0.343
26-01-31 11:30:00,0.343
26-01-31 11:45:00,0.343
26-01-31 12:00:00,0.343
26-01-31 12:15:00,0.343
26-01-31 12:30:00,0.343
26-01-31 12:45:00,0.232
26-01-31 13:00:00,0.232
26-01-31 13:15:00,0.232
26-01-31 13:30:00,0.232
26-01-31 13:45:00,0.232
26-01-31 14:00:00,0.121
26-01-31 14:15:00,0.121
26-01-31 14:30:00,0.121
26-01-31 14:45:00,0.121
26-01-31 15:00:00,0.121
26-01-31 15:15:00,0.121
26-01-31 15:30:00,0.232
26-01-31 15:45:00,0.232
26-01-31 16:00:00,0.343
26-01-31 16:15:00,0.343
26-01-31 16:30:00,0.563
26-01-31 16:45:00,0.784
26-01-31 17:00:00,1.112
26-01-31 17:15:00,1.330
26-01-31 17:30:00,1.656
26-01-31 17:45:00,1.980
26-01-31 18:00:00,2.195
26-01-31 18:15:00,2.517
26-01-31 18:30:00,2.730
26-01-31 18:45:00,2.943
26-01-31 19:00:00,3.049
26-01-31 19:15:00,3.155
26-01-31 19:30:00,3.472
26-01-31 19:45:00,3.788
26-01-31 20:00:00,3.683
26-01-31 20:15:00,3.893
26-01-31 20:30:00,4.207
26-01-31 20:45:00,4.102
26-01-31 21:00:00,4.102
26-01-31 21:15:00,3.998
26-01-31 21:30:00,3.998
26-01-31 21:45:00,3.893
26-01-31 22:00:00,3.578
26-01-31 22:15:00,3.578
26-01-31 22:30:00,3.472
26-01-31 22:45:00,3.367
26-01-31 23:00:00,3.155
26-01-31 23:15:00,3.049
26-01-31 23:30:00,2.837
26-01-31 23:45:00,2.730
26-02-01 00:00:00,2.517
26-02-01 00:15:00,2.410
26-02-01 00:30:00,2.303
26-02-01 00:45:00,2.195
26-02-01 01:00:00,2.088
26-02-01 01:15:00,1.980
26-02-01 01:30:00,1.980
26-02-01 01:45:00,1.872
26-02-01 02:00:00,1.764
26-02-01 02:15:00,1.764
26-02-01 02:30:00,1.656
26-02-01 02:45:00,1.548
26-02-01 03:00:00,1.548
26-02-01 03:15:00,1.439
26-02-01 03:30:00,1.330
26-02-01 03:45:00,1.330
26-02-01 04:00:00,1.221
26-02-01 04:15:00,1.221
26-02-01 04:30:00,1.112
26-02-01 04:45:00,1.112
26-02-01 05:00:00,1.003
26-02-01 05:15:00,0.893
26-02-01 05:30:00,0.893
26-02-01 05:45:00,0.784
26-02-01 06:00:00,0.784
26-02-01 06:15:00,0.674
26-02-01 06:30:00,0.674
26-02-01 06:45:00,0.563
26-02-01 07:00:00,0.563
26-02-01 07:15:00,0.453
26-02-01 07:30:00,0.453
26-02-01 07:45:00,0.453
26-02-01 08:00:00,0.343
26-02-01 08:15:00,0.343
26-02-01 08:30:00,0.343
26-02-01 08:45:00,0.343
26-02-01 09:00:00,0.232
26-02-01 09:15:00,0.232
26-02-01 09:30:00,0.121
26-02-01 09:45:00,0.121
26-02-01 10:00:00,0.121
26-02-01 10:15:00,0.121
26-02-01 10:30:00,0.121
26-02-01 10:45:00,0.010
26-02-01 11:00:00,0.010
26-02-01 11:15:00,0.010
26-02-01 11:30:00,0.010
26-02-01 11:45:00,0.010
26-02-01 12:00:00,0.010
26-02-01 12:15:00,0.010
26-02-01 12:30:00,0.010
26-02-01 12:45:00,0.010
26-02-01 13:00:00,0.010
26-02-01 13:15:00,0.010
26-02-01 13:30:00,0.010
26-02-01 13:45:00,0.010
26-02-01 14:00:00,0.010
26-02-01 14:15:00,0.010
26-02-01 14:30:00,0.010
26-02-01 14:45:00,0.121
26-02-01 15:00:00,0.121
26-02-01 15:15:00,0.121
26-02-01 15:30:00,0.121
26-02-01 15:45:00,0.121
26-02-01 16:00:00,0.121
26-02-01 16:15:00,0.343
26-02-01 16:30:00,0.453
26-02-01 16:45:00,0.453
26-02-01 17:00:00,0.674
26-02-01 17:15:00,1.112
26-02-01 17:30:00,1.221
26-02-01 17:45:00,1.656
26-02-01 18:00:00,1.872
26-02-01 18:15:00,2.195
26-02-01 18:30:00,2.517
26-02-01 18:45:00,2.730
26-02-01 19:00:00,3.049
26-02-01 19:15:00,3.261
26-02-01 19:30:00,3.472
26-02-01 19:45:00,3.788
26-02-01 20:00:00,3.893
26-02-01 20:15:00,3.998
26-02-01 20:30:00,4.207
26-02-01 20:45:00,4.207
26-02-01 21:00:00,4.207
26-02-01 21:15:00,4.415
26-02-01 21:30:00,4.415
26-02-01 21:45:00,4.207
26-02-01 22:00:00,3.998
26-02-01 22:15:00,3.893
26-02-01 22:30:00,3.788
26-02-01 22:45:00,3.683
26-02-01 23:00:00,3.578
26-02-01 23:15:00,3.367
26-02-01 23:30:00,3.155
26-02-01 23:45:00,3.155
26-02-02 00:00:00,3.049
26-02-02 00:15:00,2.943
26-02-02 00:30:00,2.837
26-02-02 00:45:00,2.730
26-02-02 01:00:00,2.624
26-02-02 01:15:00,2.517
26-02-02 01:30:00,2.410
26-02-02 01:45:00,2.410
26-02-02 02:00:00,2.303
26-02-02 02:15:00,2.303
26-02-02 02:30:00,2.195
26-02-02 02:45:00,2.195
26-02-02 03:00:00,2.195
26-02-02 03:15:00,2.195
26-02-02 03:30:00,2.195
26-02-02 03:45:00,2.088
26-02-02 04:00:00,2.088
26-02-02 04:15:00,2.088
26-02-02 04:30:00,2.088
26-02-02 04:45:00,2.088
26-02-02 05:00:00,1.980
26-02-02 05:15:00,1.980
26-02-02 05:30:00,1.980
26-02-02 05:45:00,1.980
26-02-02 06:00:00,1.872
26-02-02 06:15:00,1.872
26-02-02 06:30:00,1.872
26-02-02 06:45:00,1.764
26-02-02 07:00:00,1.656
26-02-02 07:15:00,1.656
26-02-02 07:30:00,1.656
26-02-02 07:45:00,1.656
26-02-02 08:00:00,1.548
26-02-02 08:15:00,1.548
26-02-02 08:30:00,1.439
26-02-02 08:45:00,1.439
26-02-02 09:00:00,1.439
26-02-02 09:15:00,1.439
26-02-02 09:30:00,1.439
26-02-02 09:45:00,1.330
26-02-02 10:00:00,1.330
26-02-02 10:15:00,1.330
26-02-02 10:30:00,1.330
26-02-02 10:45:00,1.330
26-02-02 11:00:00,1.330
26-02-02 11:15:00,1.330
26-02-02 11:30:00,1.330
26-02-02 11:45:00,1.330
26-02-02 12:00:00,1.221
26-02-02 12:15:00,1.330
26-02-02 12:30:00,1.330
26-02-02 12:45:00,1.221
26-02-02 13:00:00,1.221
26-02-02 13:15:00,1.221
26-02-02 13:30:00,1.221
26-02-02 13:45:00,1.221
26-02-02 14:00:00,1.112
26-02-02 14:15:00,1.112
26-02-02 14:30:00,1.112
26-02-02 14:45:00,1.112
26-02-02 15:00:00,1.221
26-02-02 15:15:00,1.221
26-02-02 15:30:00,1.221
26-02-02 15:45:00,1.330
26-02-02 16:00:00,1.439
26-02-02 16:15:00,1.548
26-02-02 16:30:00,1.656
26-02-02 16:45:00,1.872
26-02-02 17:00:00,1.980
26-02-02 17:15:00,2.088
26-02-02 17:30:00,2.195
26-02-02 17:45:00,2.303
26-02-02 18:00:00,2.410
26-02-02 18:15:00,2.517
26-02-02 18:30:00,2.730
26-02-02 18:45:00,2.943
26-02-02 19:00:00,2.943
26-02-02 19:15:00,3.049
26-02-02 19:30:00,3.155
26-02-02 19:45:00,3.261
26-02-02 20:00:00,3.367
26-02-02 20:15:00,3.472
26-02-02 20:30:00,3.683
26-02-02 20:45:00,3.683
26-02-02 21:00:00,3.788
26-02-02 21:15:00,3.893
26-02-02 21:30:00,3.893
26-02-02 21:45:00,3.893
26-02-02 22:00:00,3.788
26-02-02 22:15:00,3.893
26-02-02 22:30:00,3.893
26-02-02 22:45:00,3.893
26-02-02 23:00:00,3.788
26-02-02 23:15:00,3.683
26-02-02 23:30:00,3.472
26-02-02 23:45:00,3.367
26-02-03 00:00:00,3.155
26-02-03 00:15:00,3.049
26-02-03 00:30:00,2.943
26-02-03 00:45:00,2.837
26-02-03 01:00:00,2.730
26-02-03 01:15:00,2.624
26-02-03 01:30:00,2.517
26-02-03 01:45:00,2.410
26-02-03 02:00:00,2.303
26-02-03 02:15:00,2.195
26-02-03 02:30:00,2.088
26-02-03 02:45:00,1.980
26-02-03 03:00:00,1.980
26-02-03 03:15:00,1.872
26-02-03 03:30:00,1.872
26-02-03 03:45:00,1.764
26-02-03 04:00:00,1.656
26-02-03 04:15:00,1.656
26-02-03 04:30:00,1.548
26-02-03 04:45:00,1.439
26-02-03 05:00:00,1.439
26-02-03 05:15:00,1.330
26-02-03 05:30:00,1.330
26-02-03 05:45:00,1.221
26-02-03 06:00:00,1.221
26-02-03 06:15:00,1.112
26-02-03 06:30:00,1.112
26-02-03 06:45:00,1.003
26-02-03 07:00:00,0.893
26-02-03 07:15:00,0.893
26-02-03 07:30:00,0.784
26-02-03 07:45:00,0.784
26-02-03 08:00:00,0.674
26-02-03 08:15:00,0.674
26-02-03 08:30:00,0.674
26-02-03 08:45:00,0.563
26-02-03 09:00:00,0.563
26-02-03 09:15:00,0.563
26-02-03 09:30:00,0.563
26-02-03 09:45:00,0.563
26-02-03 10:00:00,0.453
26-02-03 10:15:00,0.343
26-02-03 10:30:00,0.453
26-02-03 10:45:00,0.343
26-02-03 11:00:00,0.343
26-02-03 11:15:00,0.232
26-02-03 11:30:00,0.232
26-02-03 11:45:00,0.232
26-02-03 12:00:00,0.121
26-02-03 12:15:00,0.121
26-02-03 12:30:00,0.121
26-02-03 12:45:00,0.121
26-02-03 13:00:00,0.121
26-02-03 13:15:00,0.121
26-02-03 13:30:00,0.121
26-02-03 13:45:00,0.121
26-02-03 14:00:00,0.121
26-02-03 14:15:00,0.121
26-02-03 14:30:00,0.121
26-02-03 14:45:00,0.232
26-02-03 15:00:00,0.232
26-02-03 15:15:00,0.343
26-02-03 15:30:00,0.453
26-02-03 15:45:00,0.453
26-02-03 16:00:00,0.674
26-02-03 16:15:00,0.784
26-02-03 16:30:00,1.112
26-02-03 16:45:00,1.221
26-02-03 17:00:00,1.330
26-02-03 17:15:00,1.548
26-02-03 17:30:00,2.088
26-02-03 17:45:00,2.517
26-02-03 18:00:00,2.730
26-02-03 18:15:00,2.730
26-02-03 18:30:00,2.730
26-02-03 18:45:00,2.624
26-02-03 19:00:00,2.730
26-02-03 19:15:00,2.837
26-02-03 19:30:00,2.943
26-02-03 19:45:00,2.943
26-02-03 20:00:00,3.049
26-02-03 20:15:00,3.367
26-02-03 20:30:00,3.261
26-02-03 20:45:00,3.049
26-02-03 21:00:00,2.943
26-02-03 21:15:00,3.049
26-02-03 21:30:00,2.943
26-02-03 21:45:00,2.943
26-02-03 22:00:00,2.943
26-02-03 22:15:00,2.943
26-02-03 22:30:00,3.155
26-02-03 22:45:00,3.155
26-02-03 23:00:00,3.049
26-02-03 23:15:00,3.049
26-02-03 23:30:00,3.049
26-02-03 23:45:00,2.943
26-02-04 00:00:00,2.943
26-02-04 00:15:00,2.943
26-02-04 00:30:00,2.837
26-02-04 00:45:00,2.837
26-02-04 01:00:00,2.730
26-02-04 01:15:00,2.730
26-02-04 01:30:00,2.730
26-02-04 01:45:00,2.624
26-02-04 02:00:00,2.624
26-02-04 02:15:00,2.624
26-02-04 02:30:00,2.517
26-02-04 02:45:00,2.517
26-02-04 03:00:00,2.517
26-02-04 03:15:00,2.410
26-02-04 03:30:00,2.410
26-02-04 03:45:00,2.410
26-02-04 04:00:00,2.410
26-02-04 04:15:00,2.303
26-02-04 04:30:00,2.303
26-02-04 04:45:00,2.303
26-02-04 05:00:00,2.195
26-02-04 05:15:00,2.195
26-02-04 05:30:00,2.195
26-02-04 05:45:00,2.088
26-02-04 06:00:00,1.980
26-02-04 06:15:00,1.980
26-02-04 06:30:00,1.872
26-02-04 06:45:00,1.764
26-02-04 07:00:00,1.764
26-02-04 07:15:00,1.656
26-02-04 07:30:00,1.656
26-02-04 07:45:00,1.548
26-02-04 08:00:00,1.548
26-02-04 08:15:00,1.548
26-02-04 08:30:00,1.439
26-02-04 08:45:00,1.439
26-02-04 09:00:00,1.330
26-02-04 09:15:00,1.221
26-02-04 09:30:00,1.221
26-02-04 09:45:00,1.112
26-02-04 10:00:00,1.003
26-02-04 10:15:00,1.003
26-02-04 10:30:00,0.893
26-02-04 10:45:00,0.893
26-02-04 11:00:00,0.784
26-02-04 11:15:00,0.784
26-02-04 11:30:00,0.674
26-02-04 11:45:00,0.563
26-02-04 12:00:00,0.563
26-02-04 12:15:00,0.453
26-02-04 12:30:00,0.453
26-02-04 12:45:00,0.343
26-02-04 13:00:00,0.343
26-02-04 13:15:00,0.343
26-02-04 13:30:00,0.232
26-02-04 13:45:00,0.232
26-02-04 14:00:00,0.232
26-02-04 14:15:00,0.232
26-02-04 14:30:00,0.232
26-02-04 14:45:00,0.232
26-02-04 15:00:00,0.232
26-02-04 15:15:00,0.232
26-02-04 15:30:00,0.343
26-02-04 15:45:00,0.453
26-02-04 16:00:00,0.563
26-02-04 16:15:00,0.784
26-02-04 16:30:00,1.221
26-02-04 16:45:00,1.764
26-02-04 17:00:00,2.088
26-02-04 17:15:00,2.410
26-02-04 17:30:00,2.943
26-02-04 17:45:00,3.367
26-02-04 18:00:00,3.683
26-02-04 18:15:00,3.998
26-02-04 18:30:00,4.207
26-02-04 18:45:00,4.311
26-02-04 19:00:00,4.415
26-02-04 19:15:00,4.519
26-02-04 19:30:00,4.831
26-02-04 19:45:00,5.347
26-02-04 20:00:00,5.347
26-02-04 20:15:00,5.552
26-02-04 20:30:00,5.962
26-02-04 20:45:00,5.860
26-02-04 21:00:00,5.655
26-02-04 21:15:00,5.450
26-02-04 21:30:00,5.552
26-02-04 21:45:00,5.450
26-02-04 22:00:00,5.244
26-02-04 22:15:00,5.141
26-02-04 22:30:00,5.037
26-02-04 22:45:00,4.831
26-02-04 23:00:00,4.727
26-02-04 23:15:00,4.519
26-02-04 23:30:00,4.311
26-02-04 23:45:00,4.102
26-02-05 00:00:00,3.998
26-02-05 00:15:00,3.788
26-02-05 00:30:00,3.683
26-02-05 00:45:00,3.472
26-02-05 01:00:00,3.367
26-02-05 01:15:00,3.261
26-02-05 01:30:00,3.155
26-02-05 01:45:00,3.049
26-02-05 02:00:00,3.049
26-02-05 02:15:00,2.943
26-02-05 02:30:00,2.837
26-02-05 02:45:00,2.730
26-02-05 03:00:00,2.730
26-02-05 03:15:00,2.624
26-02-05 03:30:00,2.517
26-02-05 03:45:00,2.517
26-02-05 04:00:00,2.410
26-02-05 04:15:00,2.410
26-02-05 04:30:00,2.303
26-02-05 04:45:00,2.195
26-02-05 05:00:00,2.195
26-02-05 05:15:00,2.195
26-02-05 05:30:00,2.088
26-02-05 05:45:00,2.088
26-02-05 06:00:00,1.980
26-02-05 06:15:00,1.980
26-02-05 06:30:00,1.872
26-02-05 06:45:00,1.872
26-02-05 07:00:00,1.872
26-02-05 07:15:00,1.872
26-02-05 07:30:00,1.872
26-02-05 07:45:00,1.764
26-02-05 08:00:00,1.656
26-02-05 08:15:00,1.656
26-02-05 08:30:00,1.548
26-02-05 08:45:00,1.548
26-02-05 09:00:00,1.548
26-02-05 09:15:00,1.439
26-02-05 09:30:00,1.439
26-02-05 09:45:00,1.330
26-02-05 10:00:00,1.221
26-02-05 10:15:00,1.221
26-02-05 10:30:00,1.112
26-02-05 10:45:00,1.112
26-02-05 11:00:00,1.003
26-02-05 11:15:00,1.003
26-02-05 11:30:00,0.893
26-02-05 11:45:00,0.893
26-02-05 12:00:00,0.893
26-02-05 12:15:00,0.893
26-02-05 12:30:00,0.784
26-02-05 12:45:00,0.784
26-02-05 13:00:00,0.674
26-02-05 13:15:00,0.674
26-02-05 13:30:00,0.674
26-02-05 13:45:00,0.674
26-02-05 14:00:00,0.563
26-02-05 14:15:00,0.563
26-02-05 14:30:00,0.563
26-02-05 14:45:00,0.674
26-02-05 15:00:00,0.674
26-02-05 15:15:00,0.784
26-02-05 15:30:00,0.784
26-02-05 15:45:00,1.003
26-02-05 16:00:00,1.112
26-02-05 16:15:00,1.439
26-02-05 16:30:00,1.980
26-02-05 16:45:00,2.303
26-02-05 17:00:00,2.837
26-02-05 17:15:00,3.155
26-02-05 17:30:00,3.683
26-02-05 17:45:00,4.207
26-02-05 18:00:00,4.623
26-02-05 18:15:00,5.037
26-02-05 18:30:00,5.347
26-02-05 18:45:00,5.347
26-02-05 19:00:00,5.347
26-02-05 19:15:00,5.552
26-02-05 19:30:00,5.860
26-02-05 19:45:00,6.775
26-02-05 20:00:00,6.573
26-02-05 20:15:00,6.978
26-02-05 20:30:00,7.280
26-02-05 20:45:00,7.179
26-02-05 21:00:00,6.877
26-02-05 21:15:00,6.674
26-02-05 21:30:00,6.978
26-02-05 21:45:00,6.877
26-02-05 22:00:00,6.573
26-02-05 22:15:00,6.471
26-02-05 22:30:00,6.370
26-02-05 22:45:00,6.166
26-02-05 23:00:00,6.064
26-02-05 23:15:00,5.860
26-02-05 23:30:00,5.655
26-02-05 23:45:00,5.450
26-02-06 00:00:00,5.244
26-02-06 00:15:00,5.037
26-02-06 00:30:00,4.934
26-02-06 00:45:00,4.727
26-02-06 01:00:00,4.623
26-02-06 01:15:00,4.519
26-02-06 01:30:00,4.415
26-02-06 01:45:00,4.311
26-02-06 02:00:00,4.207
26-02-06 02:15:00,4.102
26-02-06 02:30:00,3.998
26-02-06 02:45:00,3.998
26-02-06 03:00:00,3.893
26-02-06 03:15:00,3.788
26-02-06 03:30:00,3.788
26-02-06 03:45:00,3.683
26-02-06 04:00:00,3.578
26-02-06 04:15:00,3.472
26-02-06 04:30:00,3.472
26-02-06 04:45:00,3.367
26-02-06 05:00:00,3.261
26-02-06 05:15:00,3.261
26-02-06 05:30:00,3.155
26-02-06 05:45:00,3.155
26-02-06 06:00:00,3.049
26-02-06 06:15:00,2.943
26-02-06 06:30:00,2.943
26-02-06 06:45:00,2.837
26-02-06 07:00:00,2.837
26-02-06 07:15:00,2.730
26-02-06 07:30:00,2.624
26-02-06 07:45:00,2.624
26-02-06 08:00:00,2.517
26-02-06 08:15:00,2.517
26-02-06 08:30:00,2.410
26-02-06 08:45:00,2.410
26-02-06 09:00:00,2.303
26-02-06 09:15:00,2.195
26-02-06 09:30:00,2.195
26-02-06 09:45:00,2.088
26-02-06 10:00:00,2.088
26-02-06 10:15:00,1.980
26-02-06 10:30:00,1.980
26-02-06 10:45:00,1.872
26-02-06 11:00:00,1.764
26-02-06 11:15:00,1.764
26-02-06 11:30:00,1.656
26-02-06 11:45:00,1.656
26-02-06 12:00:00,1.548
26-02-06 12:15:00,1.548
26-02-06 12:30:00,1.548
26-02-06 12:45:00,1.439
26-02-06 13:00:00,1.439
26-02-06 13:15:00,1.330
26-02-06 13:30:00,1.330
26-02-06 13:45:00,1.330
26-02-06 14:00:00,1.221
26-02-06 14:15:00,1.221
26-02-06 14:30:00,1.221
26-02-06 14:45:00,1.221
26-02-06 15:00:00,1.221
26-02-06 15:15:00,1.330
26-02-06 15:30:00,1.439
26-02-06 15:45:00,1.548
26-02-06 16:00:00,1.764
26-02-06 16:15:00,1.980
26-02-06 16:30:00,2.410
26-02-06 16:45:00,2.943
26-02-06 17:00:00,3.367
26-02-06 17:15:00,3.788
26-02-06 17:30:00,4.207
26-02-06 17:45:00,4.623
26-02-06 18:00:00,4.934
26-02-06 18:15:00,5.347
26-02-06 18:30:00,5.655
26-02-06 18:45:00,5.757
26-02-06 19:00:00,5.962
26-02-06 19:15:00,6.268
26-02-06 19:30:00,6.471
26-02-06 19:45:00,7.179
26-02-06 20:00:00,7.179
26-02-06 20:15:00,7.381
26-02-06 20:30:00,7.682
26-02-06 20:45:00,7.682
26-02-06 21:00:00,7.481
26-02-06 21:15:00,7.381
26-02-06 21:30:00,7.582
26-02-06 21:45:00,7.481
26-02-06 22:00:00,7.179
26-02-06 22:15:00,6.978
26-02-06 22:30:00,6.877
26-02-06 22:45:00,6.775
26-02-06 23:00:00,6.674
26-02-06 23:15:00,6.573
26-02-06 23:30:00,6.471
26-02-06 23:45:00,6.268
26-02-07 00:00:00,6.166
26-02-07 00:15:00,5.962
26-02-07 00:30:00,5.860
26-02-07 00:45:00,5.757
26-02-07 01:00:00,5.552
26-02-07 01:15:00,5.450
26-02-07 01:30:00,5.347
26-02-07 01:45:00,5.244
26-02-07 02:00:00,5.141
26-02-07 02:15:00,5.037
26-02-07 02:30:00,4.934
26-02-07 02:45:00,4.831
26-02-07 03:00:00,4.727
26-02-07 03:15:00,4.623
26-02-07 03:30:00,4.519
26-02-07 03:45:00,4.519
26-02-07 04:00:00,4.415
26-02-07 04:15:00,4.311
26-02-07 04:30:00,4.311
26-02-07 04:45:00,4.207
26-02-07 05:00:00,4.207
26-02-07 05:15:00,4.102
26-02-07 05:30:00,4.102
26-02-07 05:45:00,3.998
26-02-07 06:00:00,3.893
26-02-07 06:15:00,3.788
26-02-07 06:30:00,3.683
26-02-07 06:45:00,3.683
26-02-07 07:00:00,3.578
26-02-07 07:15:00,3.472
26-02-07 07:30:00,3.367
26-02-07 07:45:00,3.367
26-02-07 08:00:00,3.261
26-02-07 08:15:00,3.155
26-02-07 08:30:00,3.049
26-02-07 08:45:00,3.049
26-02-07 09:00:00,2.943
26-02-07 09:15:00,2.837
26-02-07 09:30:00,2.837
26-02-07 09:45:00,2.730
26-02-07 10:00:00,2.624
26-02-07 10:15:00,2.624
26-02-07 10:30:00,2.517
26-02-07 10:45:00,2.517
26-02-07 11:00:00,2.517
26-02-07 11:15:00,2.410
26-02-07 11:30:00,2.303
26-02-07 11:45:00,2.303
26-02-07 12:00:00,2.195
26-02-07 12:15:00,2.195
26-02-07 12:30:00,2.088
26-02-07 12:45:00,2.088
26-02-07 13:00:00,2.088
26-02-07 13:15:00,1.980
26-02-07 13:30:00,1.980
26-02-07 13:45:00,1.872
26-02-07 14:00:00,1.872
26-02-07 14:15:00,1.872
26-02-07 14:30:00,1.764
26-02-07 14:45:00,1.764
26-02-07 15:00:00,1.872
26-02-07 15:15:00,1.872
26-02-07 15:30:00,1.980
26-02-07 15:45:00,2.088
26-02-07 16:00:00,2.303
26-02-07 16:15:00,2.837
26-02-07 16:30:00,3.261
26-02-07 16:45:00,3.578
26-02-07 17:00:00,3.893
26-02-07 17:15:00,4.102
26-02-07 17:30:00,4.519
26-02-07 17:45:00,4.934
26-02-07 18:00:00,5.347
26-02-07 18:15:00,5.552
26-02-07 18:30:00,5.655
26-02-07 18:45:00,6.064
26-02-07 19:00:00,6.370
26-02-07 19:15:00,6.775
26-02-07 19:30:00,7.179
26-02-07 19:45:00,7.381
26-02-07 20:00:00,7.179
26-02-07 20:15:00,7.481
26-02-07 20:30:00,7.983
26-02-07 20:45:00,8.082
26-02-07 21:00:00,7.882
26-02-07 21:15:00,7.682
26-02-07 21:30:00,7.582
26-02-07 21:45:00,7.582
26-02-07 22:00:00,7.481
26-02-07 22:15:00,7.381
26-02-07 22:30:00,7.381
26-02-07 22:45:00,7.280
26-02-07 23:00:00,7.179
26-02-07 23:15:00,7.079
26-02-07 23:30:00,6.978
26-02-07 23:45:00,6.877
26-02-08 00:00:00,6.674
26-02-08 00:15:00,6.573
26-02-08 00:30:00,6.370
26-02-08 00:45:00,6.268
26-02-08 01:00:00,6.166
26-02-08 01:15:00,6.166
26-02-08 01:30:00,6.064
26-02-08 01:45:00,5.962
26-02-08 02:00:00,5.860
26-02-08 02:15:00,5.757
26-02-08 02:30:00,5.757
26-02-08 02:45:00,5.655
26-02-08 03:00:00,5.552
26-02-08 03:15:00,5.450
26-02-08 03:30:00,5.450
26-02-08 03:45:00,5.347
26-02-08 04:00:00,5.244
26-02-08 04:15:00,5.141
26-02-08 04:30:00,5.037
26-02-08 04:45:00,4.934
26-02-08 05:00:00,4.831
26-02-08 05:15:00,4.727
26-02-08 05:30:00,4.623
26-02-08 05:45:00,4.519
26-02-08 06:00:00,4.415
26-02-08 06:15:00,4.311
26-02-08 06:30:00,4.207
26-02-08 06:45:00,4.102
26-02-08 07:00:00,3.998
26-02-08 07:15:00,3.893
26-02-08 07:30:00,3.788
26-02-08 07:45:00,3.788
26-02-08 08:00:00,3.683
26-02-08 08:15:00,3.578
26-02-08 08:30:00,3.472
26-02-08 08:45:00,3.367
26-02-08 09:00:00,3.261
26-02-08 09:15:00,3.261
26-02-08 09:30:00,3.155
26-02-08 09:45:00,3.049
26-02-08 10:00:00,2.943
26-02-08 10:15:00,2.943
26-02-08 10:30:00,2.837
26-02-08 10:45:00,2.730
26-02-08 11:00:00,2.730
26-02-08 11:15:00,2.730
26-02-08 11:30:00,2.730
26-02-08 11:45:00,2.730
26-02-08 12:00:00,2.624
26-02-08 12:15:00,2.624
26-02-08 12:30:00,2.517
26-02-08 12:45:00,2.410
26-02-08 13:00:00,2.410
26-02-08 13:15:00,2.303
26-02-08 13:30:00,2.303
26-02-08 13:45:00,2.303
26-02-08 14:00:00,2.303
26-02-08 14:15:00,2.303
26-02-08 14:30:00,2.195
26-02-08 14:45:00,2.303
26-02-08 15:00:00,2.303
26-02-08 15:15:00,2.410
26-02-08 15:30:00,2.730
26-02-08 15:45:00,3.155
26-02-08 16:00:00,3.472
26-02-08 16:15:00,3.683
26-02-08 16:30:00,3.788
26-02-08 16:45:00,4.311
26-02-08 17:00:00,5.141
26-02-08 17:15:00,4.934
26-02-08 17:30:00,5.347
26-02-08 17:45:00,6.471
26-02-08 18:00:00,7.079
26-02-08 18:15:00,7.280
26-02-08 18:30:00,7.381
26-02-08 18:45:00,7.582
26-02-08 19:00:00,7.481
26-02-08 19:15:00,7.481
26-02-08 19:30:00,7.882
26-02-08 19:45:00,8.382
26-02-08 20:00:00,8.581
26-02-08 20:15:00,8.779
26-02-08 20:30:00,8.779
26-02-08 20:45:00,8.779
26-02-08 21:00:00,8.581
26-02-08 21:15:00,8.481
26-02-08 21:30:00,8.779
26-02-08 21:45:00,8.481
26-02-08 22:00:00,8.182
26-02-08 22:15:00,8.182
26-02-08 22:30:00,8.182
26-02-08 22:45:00,7.882
26-02-08 23:00:00,7.682
26-02-08 23:15:00,7.582
26-02-08 23:30:00,7.381
26-02-08 23:45:00,7.280
26-02-09 00:00:00,7.079
26-02-09 00:15:00,6.978
26-02-09 00:30:00,6.775
26-02-09 00:45:00,6.573
26-02-09 01:00:00,6.370
26-02-09 01:15:00,6.268
26-02-09 01:30:00,6.166
26-02-09 01:45:00,6.064
26-02-09 02:00:00,5.962
26-02-09 02:15:00,5.860
26-02-09 02:30:00,5.757
26-02-09 02:45:00,5.655
26-02-09 03:00:00,5.552
26-02-09 03:15:00,5.450
26-02-09 03:30:00,5.347
26-02-09 03:45:00,5.347
26-02-09 04:00:00,5.244
26-02-09 04:15:00,5.244
26-02-09 04:30:00,5.141
26-02-09 04:45:00,5.037
26-02-09 05:00:00,4.934
26-02-09 05:15:00,4.934
26-02-09 05:30:00,4.934
26-02-09 05:45:00,4.831
26-02-09 06:00:00,4.831
26-02-09 06:15:00,4.831
26-02-09 06:30:00,4.727
26-02-09 06:45:00,4.727
26-02-09 07:00:00,4.623
26-02-09 07:15:00,4.623
26-02-09 07:30:00,4.623
26-02-09 07:45:00,4.519
26-02-09 08:00:00,4.519
26-02-09 08:15:00,4.415
26-02-09 08:30:00,4.415
26-02-09 08:45:00,4.311
26-02-09 09:00:00,4.311
26-02-09 09:15:00,4.207
26-02-09 09:30:00,4.207
26-02-09 09:45:00,4.102
26-02-09 10:00:00,4.102
26-02-09 10:15:00,3.998
26-02-09 10:30:00,3.893
26-02-09 10:45:00,3.788
26-02-09 11:00:00,3.788
26-02-09 11:15:00,3.683
26-02-09 11:30:00,3.683
26-02-09 11:45:00,3.578
26-02-09 12:00:00,3.578
26-02-09 12:15:00,3.472
26-02-09 12:30:00,3.472
26-02-09 12:45:00,3.472
26-02-09 13:00:00,3.472
26-02-09 13:15:00,3.367
26-02-09 13:30:00,3.367
26-02-09 13:45:00,3.261
26-02-09 14:00:00,3.261
26-02-09 14:15:00,3.155
26-02-09 14:30:00,3.155
26-02-09 14:45:00,3.155
26-02-09 15:00:00,3.261
26-02-09 15:15:00,3.261
26-02-09 15:30:00,3.261
26-02-09 15:45:00,3.367
26-02-09 16:00:00,3.578
26-02-09 16:15:00,4.102
26-02-09 16:30:00,4.311
26-02-09 16:45:00,5.037
26-02-09 17:00:00,5.450
26-02-09 17:15:00,5.860
26-02-09 17:30:00,6.370
26-02-09 17:45:00,6.877
26-02-09 18:00:00,7.280
26-02-09 18:15:00,7.582
26-02-09 18:30:00,7.782
26-02-09 18:45:00,8.382
26-02-09 19:00:00,8.382
26-02-09 19:15:00,8.581
26-02-09 19:30:00,8.978
26-02-09 19:45:00,9.275
26-02-09 20:00:00,9.275
26-02-09 20:15:00,9.275
26-02-09 20:30:00,9.571
26-02-09 20:45:00,9.472
26-02-09 21:00:00,9.373
26-02-09 21:15:00,9.373
26-02-09 21:30:00,9.176
26-02-09 21:45:00,8.879
26-02-09 22:00:00,8.581
26-02-09 22:15:00,8.481
26-02-09 22:30:00,8.382
26-02-09 22:45:00,8.382
26-02-09 23:00:00,8.282
26-02-09 23:15:00,8.182
26-02-09 23:30:00,8.082
26-02-09 23:45:00,7.882
26-02-10 00:00:00,7.682
26-02-10 00:15:00,7.582
26-02-10 00:30:00,7.481
26-02-10 00:45:00,7.280
26-02-10 01:00:00,7.280
26-02-10 01:15:00,7.179
26-02-10 01:30:00,7.079
26-02-10 01:45:00,6.978
26-02-10 02:00:00,6.978
26-02-10 02:15:00,6.877
26-02-10 02:30:00,6.775
26-02-10 02:45:00,6.775
26-02-10 03:00:00,6.674
26-02-10 03:15:00,6.674
26-02-10 03:30:00,6.674
26-02-10 03:45:00,6.573
26-02-10 04:00:00,6.573
26-02-10 04:15:00,6.573
26-02-10 04:30:00,6.471
26-02-10 04:45:00,6.370
26-02-10 05:00:00,6.370
26-02-10 05:15:00,6.268
26-02-10 05:30:00,6.268
26-02-10 05:45:00,6.268
26-02-10 06:00:00,6.166
26-02-10 06:15:00,6.166
26-02-10 06:30:00,6.064
26-02-10 06:45:00,6.064
26-02-10 07:00:00,6.064
26-02-10 07:15:00,5.962
26-02-10 07:30:00,5.962
26-02-10 07:45:00,5.860
26-02-10 08:00:00,5.860
26-02-10 08:15:00,5.757
26-02-10 08:30:00,5.757
26-02-10 08:45:00,5.655
26-02-10 09:00:00,5.552
26-02-10 09:15:00,5.450
26-02-10 09:30:00,5.450
26-02-10 09:45:00,5.347
26-02-10 10:00:00,5.347
26-02-10 10:15:00,5.244
26-02-10 10:30:00,5.141
26-02-10 10:45:00,5.037
26-02-10 11:00:00,5.037
26-02-10 11:15:00,4.934
26-02-10 11:30:00,4.934
26-02-10 11:45:00,4.831
26-02-10 12:00:00,4.831
26-02-10 12:15:00,4.727
26-02-10 12:30:00,4.727
26-02-10 12:45:00,4.727
26-02-10 13:00:00,4.623
26-02-10 13:15:00,4.519
26-02-10 13:30:00,4.415
26-02-10 13:45:00,4.311
26-02-10 14:00:00,4.207
26-02-10 14:15:00,4.207
26-02-10 14:30:00,4.207
26-02-10 14:45:00,4.207
26-02-10 15:00:00,4.207
26-02-10 15:15:00,4.207
26-02-10 15:30:00,4.207
26-02-10 15:45:00,4.311
