date,temperature_2m,relative_humidity_2m,cloud_cover,wind_speed_10m,shortwave_radiation,soil_temperature_0_to_7cm,soil_moisture_0_to_7cm
2026-01-21 00:00:00+00:00,7.3,17.20141,73.0,11.966954,53.0,6.55,0.024
2026-01-21 01:00:00+00:00,4.1,27.017748,70.0,9.028754,0.0,5.65,0.024
2026-01-21 02:00:00+00:00,2.65,32.576088,96.0,14.913952,0.0,4.5,0.024
2026-01-21 03:00:00+00:00,-0.35,55.64834,0.0,19.857191,0.0,3.55,0.024
2026-01-21 04:00:00+00:00,-1.6,62.89306,0.0,5.0975285,0.0,2.25,0.024
2026-01-21 05:00:00+00:00,-1.8,63.578476,0.0,8.101999,0.0,1.15,0.024
2026-01-21 06:00:00+00:00,-2.5,62.428013,0.0,9.885262,0.0,0.4,0.024
2026-01-21 07:00:00+00:00,-3.0,62.793617,0.0,11.543881,0.0,0.35,0.024
2026-01-21 08:00:00+00:00,-3.4,63.686512,0.0,14.264361,0.0,0.25,0.024
2026-01-21 09:00:00+00:00,-3.45,59.0841,0.0,15.501959,0.0,0.2,0.024
2026-01-21 10:00:00+00:00,-3.15,52.73134,0.0,13.797912,0.0,0.15,0.024
2026-01-21 11:00:00+00:00,-2.6,43.971096,0.0,13.004921,0.0,0.1,0.024
2026-01-21 12:00:00+00:00,-3.0,41.07518,0.0,12.785069,0.0,-0.4,0.037
2026-01-21 13:00:00+00:00,-2.8,33.87583,0.0,6.898956,0.0,-0.5,0.037
2026-01-21 14:00:00+00:00,-3.95,40.946724,0.0,9.403169,0.0,-0.6,0.037
2026-01-21 15:00:00+00:00,-4.45,52.99504,0.0,4.0249224,22.0,-0.7,0.037
2026-01-21 16:00:00+00:00,-2.15,41.67734,0.0,3.148714,159.0,-0.65,0.037
2026-01-21 17:00:00+00:00,0.9,28.440119,5.0,5.9427266,319.0,-0.5,0.037
2026-01-21 18:00:00+00:00,4.2,26.076826,9.0,6.122647,445.0,0.05,0.037
2026-01-21 19:00:00+00:00,6.7,17.77483,82.0,4.503598,516.0,0.25,0.037
2026-01-21 20:00:00+00:00,8.5,15.462025,80.0,5.2478566,519.0,0.5,0.037
2026-01-21 21:00:00+00:00,9.4,13.382492,48.0,3.319036,464.0,0.85,0.037
2026-01-21 22:00:00+00:00,9.6,12.394227,38.0,1.8792552,360.0,2.7,0.037
2026-01-21 23:00:00+00:00,7.55,14.7900915,63.0,4.186693,218.0,3.65,0.037
2026-01-22 00:00:00+00:00,5.65,19.269415,74.0,8.6867485,62.0,7.05,0.065
2026-01-22 01:00:00+00:00,3.3,25.705946,86.0,8.913181,0.0,5.65,0.065
2026-01-22 02:00:00+00:00,1.15,31.466558,76.0,10.534229,0.0,4.35,0.065
2026-01-22 03:00:00+00:00,-1.35,40.263493,46.0,13.154786,0.0,3.05,0.065
2026-01-22 04:00:00+00:00,-2.7,46.68876,49.0,8.905908,0.0,1.75,0.065
2026-01-22 05:00:00+00:00,-3.35,49.596653,65.0,5.6262593,0.0,0.8,0.065
2026-01-22 06:00:00+00:00,-4.25,54.566597,51.0,5.293959,0.0,0.3,0.065
2026-01-22 07:00:00+00:00,-4.7,56.901173,80.0,6.502461,0.0,0.25,0.065
2026-01-22 08:00:00+00:00,-5.1,58.177856,24.0,4.2136917,0.0,0.15,0.065
2026-01-22 09:00:00+00:00,-5.4,58.097095,28.0,5.2478566,0.0,0.1,0.065
2026-01-22 10:00:00+00:00,-5.8,58.459194,5.0,4.175069,0.0,0.05,0.065
2026-01-22 11:00:00+00:00,-6.2,58.825867,5.0,3.9477081,0.0,-0.05,0.065
2026-01-22 12:00:00+00:00,-6.85,60.343338,2.0,4.5,0.0,-1.05,0.065
2026-01-22 13:00:00+00:00,-6.95,62.557266,0.0,0.6489992,0.0,-2.1,0.065
2026-01-22 14:00:00+00:00,-6.8,62.595013,2.0,0.40249225,0.0,-3.0,0.065
2026-01-22 15:00:00+00:00,-5.9,57.49518,5.0,3.710795,23.0,-3.45,0.065
2026-01-22 16:00:00+00:00,-3.95,48.821953,17.0,5.7402787,159.0,-2.75,0.065
2026-01-22 17:00:00+00:00,-1.75,39.651966,14.0,7.6388745,314.0,-1.3,0.065
2026-01-22 18:00:00+00:00,0.85,35.58677,7.0,6.3639607,436.0,-0.75,0.065
2026-01-22 19:00:00+00:00,2.25,31.548414,35.0,7.9077177,507.0,-0.45,0.065
2026-01-22 20:00:00+00:00,2.6,30.897818,22.0,9.021574,517.0,-0.25,0.065
2026-01-22 21:00:00+00:00,2.85,29.626255,74.0,7.8149853,467.0,-0.1,0.065
2026-01-22 22:00:00+00:00,2.7,29.70104,41.0,7.970972,359.0,0.05,0.065
2026-01-22 23:00:00+00:00,1.9,31.313705,95.0,9.016185,217.0,0.1,0.065
2026-01-23 00:00:00+00:00,0.0,36.488525,80.0,8.688613,62.0,0.65,0.065
2026-01-23 01:00:00+00:00,-1.35,40.100616,71.0,7.823272,0.0,0.55,0.065
2026-01-23 02:00:00+00:00,-2.65,42.89751,68.0,4.5572357,0.0,0.45,0.065
2026-01-23 03:00:00+00:00,-3.1,42.93308,50.0,4.2136917,0.0,0.4,0.065
2026-01-23 04:00:00+00:00,-3.6,43.66275,34.0,4.293669,0.0,0.3,0.065
2026-01-23 05:00:00+00:00,-4.25,46.029484,23.0,7.9932976,0.0,0.2,0.065
2026-01-23 06:00:00+00:00,-5.35,53.81746,8.0,9.107359,0.0,-0.2,0.065
2026-01-23 07:00:00+00:00,-5.95,57.48154,2.0,9.676569,0.0,-0.3,0.065
2026-01-23 08:00:00+00:00,-6.45,59.718784,5.0,11.028581,0.0,-0.35,0.065
2026-01-23 09:00:00+00:00,-7.0,58.6112,15.0,12.007498,0.0,-0.5,0.065
2026-01-23 10:00:00+00:00,-7.65,54.715363,13.0,12.081473,0.0,-0.6,0.065
2026-01-23 11:00:00+00:00,-8.5,54.926876,44.0,12.881008,0.0,-0.85,0.065
2026-01-23 12:00:00+00:00,-11.0,67.14999,97.0,12.108261,0.0,-5.25,0.065
2026-01-23 13:00:00+00:00,-12.05,72.42399,99.0,10.948973,0.0,-5.8,0.065
2026-01-23 14:00:00+00:00,-12.45,72.64438,100.0,8.865799,0.0,-6.25,0.065
2026-01-23 15:00:00+00:00,-12.7,74.43344,100.0,7.5685663,7.0,-6.65,0.065
2026-01-23 16:00:00+00:00,-12.8,74.4142,100.0,6.66,50.0,-6.7,0.065
2026-01-23 17:00:00+00:00,-12.75,73.80574,100.0,6.9527545,137.0,-6.4,0.065
2026-01-23 18:00:00+00:00,-13.05,72.82659,100.0,4.2021427,278.0,-6.0,0.065
2026-01-23 19:00:00+00:00,-11.75,63.958454,100.0,4.7521367,364.0,-4.65,0.065
2026-01-23 20:00:00+00:00,-10.65,57.37159,100.0,4.669604,422.0,-3.45,0.065
2026-01-23 21:00:00+00:00,-9.85,54.53977,99.0,5.920878,412.0,-2.55,0.065
2026-01-23 22:00:00+00:00,-9.9,56.62407,100.0,7.928178,241.0,-2.5,0.065
2026-01-23 23:00:00+00:00,-11.1,63.32192,100.0,10.474082,147.0,-3.05,0.065
2026-01-24 00:00:00+00:00,-12.4,69.39245,100.0,7.4128532,47.0,-4.25,0.065
2026-01-24 01:00:00+00:00,-13.3,69.19174,100.0,7.1684303,0.0,-5.25,0.065
2026-01-24 02:00:00+00:00,-13.75,71.16713,100.0,6.248359,0.0,-6.05,0.065
2026-01-24 03:00:00+00:00,-14.15,73.52892,99.0,8.274128,0.0,-6.8,0.065
2026-01-24 04:00:00+00:00,-14.2,75.722534,100.0,13.1412325,0.0,-7.5,0.065
2026-01-24 05:00:00+00:00,-13.6,75.51627,100.0,14.113652,0.0,-7.95,0.065
2026-01-24 06:00:00+00:00,-14.05,77.684,100.0,12.181625,0.0,-8.45,0.065
2026-01-24 07:00:00+00:00,-14.75,78.550735,100.0,9.292254,0.0,-8.75,0.065
2026-01-24 08:00:00+00:00,-15.05,77.51057,100.0,7.555712,0.0,-9.05,0.065
2026-01-24 09:00:00+00:00,-15.65,79.74243,100.0,4.8899083,0.0,-9.4,0.065
2026-01-24 10:00:00+00:00,-15.55,77.75297,100.0,1.3708391,0.0,-9.55,0.065
2026-01-24 11:00:00+00:00,-15.55,77.75297,100.0,2.3469126,0.0,-9.55,0.065
2026-01-24 12:00:00+00:00,-15.75,77.71828,100.0,2.4482648,0.0,-10.0,0.065
2026-01-24 13:00:00+00:00,-16.25,79.98664,100.0,0.56920993,0.0,-10.1,0.065
2026-01-24 14:00:00+00:00,-16.35,78.6162,67.0,0.40249225,0.0,-10.3,0.065
2026-01-24 15:00:00+00:00,-16.35,78.28081,89.0,0.9,21.0,-10.3,0.065
2026-01-24 16:00:00+00:00,-14.95,73.681595,66.0,3.84796,133.0,-9.6,0.065
2026-01-24 17:00:00+00:00,-13.85,69.361626,41.0,4.8466477,299.0,-8.2,0.065
2026-01-24 18:00:00+00:00,-11.3,69.635376,59.0,5.6002855,409.0,-6.5,0.065
2026-01-24 19:00:00+00:00,-10.7,63.687477,37.0,5.896202,461.0,-4.7,0.065
2026-01-24 20:00:00+00:00,-9.85,60.799557,44.0,6.7469993,511.0,-3.1,0.065
2026-01-24 21:00:00+00:00,-9.2,58.74033,78.0,7.44121,443.0,-2.1,0.065
2026-01-24 22:00:00+00:00,-8.45,50.545208,5.0,7.9036193,372.0,-1.75,0.065
2026-01-24 23:00:00+00:00,-9.0,52.540794,55.0,6.8138976,222.0,-2.2,0.065
2026-01-25 00:00:00+00:00,-9.85,64.6962,98.0,6.6818557,66.0,-3.15,0.065
2026-01-25 01:00:00+00:00,-10.25,66.770836,100.0,4.2671766,0.0,-4.15,0.065
2026-01-25 02:00:00+00:00,-10.5,71.84826,97.0,4.613762,0.0,-4.75,0.065
2026-01-25 03:00:00+00:00,-11.7,81.02045,97.0,2.1897945,0.0,-5.5,0.065
2026-01-25 04:00:00+00:00,-12.55,81.22804,72.0,0.742159,0.0,-6.25,0.065
2026-01-25 05:00:00+00:00,-12.85,81.51993,63.0,2.4014995,0.0,-6.9,0.065
2026-01-25 06:00:00+00:00,-11.4,82.39842,84.0,8.604301,0.0,-7.25,0.065
2026-01-25 07:00:00+00:00,-13.35,84.53995,65.0,5.2939587,0.0,-7.8,0.065
2026-01-25 08:00:00+00:00,-14.25,85.84501,98.0,6.28713,0.0,-8.4,0.065
2026-01-25 09:00:00+00:00,-13.15,84.216484,91.0,7.8728137,0.0,-8.75,0.065
2026-01-25 10:00:00+00:00,-14.05,83.40488,63.0,6.3639607,0.0,-9.1,0.065
2026-01-25 11:00:00+00:00,-14.75,82.963104,14.0,6.0347,0.0,-9.45,0.065
2026-01-25 12:00:00+00:00,-13.25,81.79996,71.0,4.6938252,0.0,-9.95,0.065
2026-01-25 13:00:00+00:00,-15.15,82.908394,84.0,5.297018,0.0,-10.05,0.065
2026-01-25 14:00:00+00:00,-14.3,81.64805,92.0,3.550155,0.0,-9.95,0.065
2026-01-25 15:00:00+00:00,-13.95,81.0201,67.0,3.4152596,18.0,-9.7,0.065
2026-01-25 16:00:00+00:00,-12.15,70.03025,34.0,4.8733153,149.0,-8.7,0.065
2026-01-25 17:00:00+00:00,-9.6,58.631676,25.0,4.3349743,327.0,-6.95,0.065
2026-01-25 18:00:00+00:00,-5.1,49.478466,18.0,5.7515564,447.0,-4.2,0.065
2026-01-25 19:00:00+00:00,-4.05,45.343643,99.0,2.1674871,516.0,-1.6,0.065
2026-01-25 20:00:00+00:00,-4.25,46.218,95.0,9.605998,447.0,-0.7,0.065
2026-01-25 21:00:00+00:00,-4.35,48.307632,100.0,16.940096,398.0,-0.6,0.065
2026-01-25 22:00:00+00:00,-6.35,61.45789,98.0,21.517344,290.0,-0.6,0.065
2026-01-25 23:00:00+00:00,-9.15,78.50698,100.0,23.667091,103.0,-0.8,0.065
2026-01-26 00:00:00+00:00,-12.1,71.813995,100.0,14.687382,23.0,-2.45,0.065
2026-01-26 01:00:00+00:00,-12.0,66.63615,100.0,9.796366,0.0,-3.8,0.065
2026-01-26 02:00:00+00:00,-12.05,66.345566,99.0,4.3832865,0.0,-4.75,0.065
2026-01-26 03:00:00+00:00,-12.3,71.17633,72.0,2.19718,0.0,-5.5,0.065
2026-01-26 04:00:00+00:00,-12.45,69.09132,68.0,2.4149535,0.0,-6.15,0.065
2026-01-26 05:00:00+00:00,-12.9,68.41213,34.0,4.510787,0.0,-6.85,0.065
2026-01-26 06:00:00+00:00,-13.95,70.8241,0.0,10.742848,0.0,-8.1,0.065
2026-01-26 07:00:00+00:00,-14.4,71.02817,0.0,13.200273,0.0,-8.85,0.065
2026-01-26 08:00:00+00:00,-14.3,65.52258,0.0,14.975741,0.0,-9.4,0.065
2026-01-26 09:00:00+00:00,-14.75,62.38447,0.0,13.523978,0.0,-9.9,0.065
2026-01-26 10:00:00+00:00,-14.8,59.987766,0.0,11.53265,0.0,-10.25,0.065
2026-01-26 11:00:00+00:00,-14.35,57.562508,0.0,9.36173,0.0,-10.45,0.065
2026-01-26 12:00:00+00:00,-12.35,43.491913,0.0,13.14,0.0,-10.5,0.065
2026-01-26 13:00:00+00:00,-10.5,38.183712,0.0,15.726067,0.0,-10.2,0.065
2026-01-26 14:00:00+00:00,-10.05,34.801113,0.0,18.64543,0.0,-9.75,0.065
2026-01-26 15:00:00+00:00,-9.45,32.759113,0.0,18.919704,28.0,-9.15,0.065
2026-01-26 16:00:00+00:00,-6.45,26.077393,0.0,18.553974,175.0,-7.8,0.065
2026-01-26 17:00:00+00:00,-2.0,19.000343,0.0,12.682018,343.0,-5.5,0.065
2026-01-26 18:00:00+00:00,2.0,16.07064,0.0,10.44,475.0,-2.25,0.065
2026-01-26 19:00:00+00:00,5.45,10.252796,0.0,5.0528407,549.0,-0.55,0.065
2026-01-26 20:00:00+00:00,6.2,6.7761803,0.0,1.2074767,562.0,-0.3,0.065
2026-01-26 21:00:00+00:00,6.7,5.722124,5.0,5.506941,510.0,-0.05,0.065
2026-01-26 22:00:00+00:00,6.3,6.048844,1.0,2.657668,400.0,0.05,0.065
2026-01-26 23:00:00+00:00,4.25,9.923668,44.0,2.0523157,245.0,0.1,0.065
2026-01-27 00:00:00+00:00,1.45,27.45176,31.0,1.835647,78.0,0.05,0.065
2026-01-27 01:00:00+00:00,-1.8,31.991692,1.0,11.090103,1.0,-0.05,0.065
2026-01-27 02:00:00+00:00,-1.55,33.567055,4.0,10.429132,0.0,-0.1,0.065
2026-01-27 03:00:00+00:00,-1.05,32.493248,13.0,12.7279215,0.0,-0.15,0.065
2026-01-27 04:00:00+00:00,-2.25,37.44503,11.0,14.248452,0.0,-0.2,0.065
2026-01-27 05:00:00+00:00,-2.8,40.469467,13.0,15.070633,0.0,-0.3,0.065
2026-01-27 06:00:00+00:00,-2.6,43.087734,20.0,17.057314,0.0,-0.35,0.065
2026-01-27 07:00:00+00:00,-2.85,42.31496,61.0,12.991212,0.0,-0.45,0.065
2026-01-27 08:00:00+00:00,-3.45,43.887978,90.0,13.379461,0.0,-0.55,0.065
2026-01-27 09:00:00+00:00,-2.45,36.167965,97.0,16.724508,0.0,-0.6,0.065
2026-01-27 10:00:00+00:00,-2.3,37.58364,99.0,16.697365,0.0,-0.7,0.065
2026-01-27 11:00:00+00:00,-3.0,40.57308,100.0,14.2336645,0.0,-0.75,0.065
2026-01-27 12:00:00+00:00,-3.45,47.221172,100.0,8.825508,0.0,-0.4,0.065
2026-01-27 13:00:00+00:00,-2.45,45.2807,100.0,13.363711,0.0,-0.45,0.065
2026-01-27 14:00:00+00:00,0.3,33.454975,100.0,20.051224,0.0,-0.5,0.065
2026-01-27 15:00:00+00:00,1.95,25.731325,95.0,17.791796,21.0,-0.5,0.065
2026-01-27 16:00:00+00:00,2.75,24.816214,95.0,12.673074,109.0,-0.45,0.065
2026-01-27 17:00:00+00:00,3.95,24.255533,95.0,6.6818557,231.0,-0.35,0.065
2026-01-27 18:00:00+00:00,6.15,20.22117,3.0,10.088033,351.0,-0.15,0.065
2026-01-27 19:00:00+00:00,7.45,18.725203,13.0,9.5535755,533.0,0.05,0.065
2026-01-27 20:00:00+00:00,8.25,17.733025,41.0,8.6193495,542.0,0.25,0.065
2026-01-27 21:00:00+00:00,8.7,16.642822,48.0,3.6447225,495.0,0.5,0.065
2026-01-27 22:00:00+00:00,8.35,16.97156,0.0,1.5273507,376.0,0.75,0.065
2026-01-27 23:00:00+00:00,6.65,21.381418,0.0,1.2074767,239.0,1.25,0.065
2026-01-28 00:00:00+00:00,3.4,27.139809,3.0,2.4216523,78.0,0.65,0.065
2026-01-28 01:00:00+00:00,2.45,29.745802,1.0,6.2067385,1.0,0.5,0.065
2026-01-28 02:00:00+00:00,3.1,29.10666,0.0,11.481968,0.0,0.45,0.065
2026-01-28 03:00:00+00:00,2.4,29.013002,0.0,8.596766,0.0,0.45,0.065
2026-01-28 04:00:00+00:00,1.7,31.635717,23.0,10.630672,0.0,0.35,0.065
2026-01-28 05:00:00+00:00,-0.7,40.14027,2.0,6.048107,0.0,0.3,0.065
2026-01-28 06:00:00+00:00,-2.55,46.92258,0.0,6.5049515,0.0,-0.15,0.065
2026-01-28 07:00:00+00:00,-1.9,45.81459,0.0,10.337078,0.0,-0.2,0.065
2026-01-28 08:00:00+00:00,-3.1,52.956562,0.0,11.052058,0.0,-0.3,0.065
2026-01-28 09:00:00+00:00,-3.6,56.29809,13.0,11.755254,0.0,-0.4,0.065
2026-01-28 10:00:00+00:00,-3.85,56.90577,23.0,12.033103,0.0,-0.45,0.065
2026-01-28 11:00:00+00:00,-4.2,57.03763,5.0,11.132385,0.0,-0.6,0.065
2026-01-28 12:00:00+00:00,-5.1,60.555435,60.0,13.1041975,0.0,-1.75,0.065
2026-01-28 13:00:00+00:00,-4.8,55.073383,100.0,12.638512,0.0,-2.65,0.065
2026-01-28 14:00:00+00:00,-5.35,55.141537,75.0,12.966248,0.0,-3.35,0.065
2026-01-28 15:00:00+00:00,-5.2,53.86024,89.0,12.134992,29.0,-3.7,0.065
2026-01-28 16:00:00+00:00,-3.1,45.634205,98.0,7.814986,174.0,-2.95,0.065
2026-01-28 17:00:00+00:00,-0.75,38.534557,100.0,3.7585104,274.0,-1.45,0.065
2026-01-28 18:00:00+00:00,2.75,34.762947,95.0,0.17999999,343.0,-0.25,0.065
2026-01-28 19:00:00+00:00,5.05,28.190914,100.0,1.9386592,333.0,-0.1,0.065
2026-01-28 20:00:00+00:00,6.1,24.677742,100.0,3.3092597,305.0,0.05,0.065
2026-01-28 21:00:00+00:00,6.65,22.726627,100.0,3.710795,265.0,0.2,0.065
2026-01-28 22:00:00+00:00,7.7,20.391848,100.0,0.54,293.0,0.3,0.065
2026-01-28 23:00:00+00:00,5.7,25.886044,73.0,0.17999999,176.0,0.4,0.065
2026-01-29 00:00:00+00:00,4.35,30.443575,62.0,1.2979984,64.0,0.25,0.065
2026-01-29 01:00:00+00:00,2.95,34.68612,63.0,11.362834,1.0,0.2,0.065
2026-01-29 02:00:00+00:00,0.45,44.02177,89.0,6.6794305,0.0,0.15,0.065
2026-01-29 03:00:00+00:00,0.15,44.105225,95.0,5.634891,0.0,0.15,0.065
2026-01-29 04:00:00+00:00,1.5,39.076138,100.0,9.741642,0.0,0.1,0.065
2026-01-29 05:00:00+00:00,2.2,36.72936,100.0,5.1544156,0.0,0.1,0.065
2026-01-29 06:00:00+00:00,1.65,40.064472,100.0,4.0249224,0.0,0.1,0.065
2026-01-29 07:00:00+00:00,0.7,42.89357,89.0,4.6102495,0.0,0.0,0.065
2026-01-29 08:00:00+00:00,0.45,45.435284,99.0,0.9693296,0.0,0.0,0.065
2026-01-29 09:00:00+00:00,0.5,44.73867,80.0,0.6489992,0.0,-0.05,0.065
2026-01-29 10:00:00+00:00,-1.3,52.632915,65.0,3.3043609,0.0,-0.15,0.065
2026-01-29 11:00:00+00:00,-1.4,54.498936,91.0,0.40249225,0.0,-0.2,0.065
2026-01-29 12:00:00+00:00,-1.5,52.36907,73.0,3.2048087,0.0,-0.4,0.065
2026-01-29 13:00:00+00:00,-1.5,54.044758,56.0,8.790563,0.0,-0.4,0.065
2026-01-29 14:00:00+00:00,-0.3,50.095173,9.0,9.826088,0.0,-0.45,0.065
2026-01-29 15:00:00+00:00,0.65,46.948673,21.0,7.208994,28.0,-0.5,0.065
2026-01-29 16:00:00+00:00,3.4,37.836147,91.0,11.177405,150.0,-0.45,0.065
2026-01-29 17:00:00+00:00,5.05,28.991987,30.0,12.632101,230.0,-0.3,0.065
2026-01-29 18:00:00+00:00,5.9,25.325512,73.0,11.4862,419.0,-0.1,0.065
2026-01-29 19:00:00+00:00,6.45,23.512676,77.0,11.989946,469.0,0.05,0.065
2026-01-29 20:00:00+00:00,5.95,25.442297,70.0,8.723967,386.0,0.2,0.065
2026-01-29 21:00:00+00:00,6.25,25.325224,34.0,8.099999,429.0,0.4,0.065
2026-01-29 22:00:00+00:00,6.3,24.93542,4.0,7.0843205,361.0,0.55,0.066
2026-01-29 23:00:00+00:00,5.55,26.68776,1.0,5.6920996,246.0,0.7,0.066
2026-01-30 00:00:00+00:00,3.25,31.473299,77.0,4.863332,86.0,0.6,0.066
2026-01-30 01:00:00+00:00,2.35,35.19817,38.0,4.6277857,1.0,0.55,0.066
2026-01-30 02:00:00+00:00,1.4,37.97102,9.0,3.01735,0.0,0.4,0.066
2026-01-30 03:00:00+00:00,0.7,40.090576,3.0,4.6938252,0.0,0.35,0.066
2026-01-30 04:00:00+00:00,-0.65,45.10308,3.0,3.3043609,0.0,0.25,0.066
2026-01-30 05:00:00+00:00,-1.25,50.412506,1.0,0.9,0.0,0.15,0.066
2026-01-30 06:00:00+00:00,-2.1,52.404625,0.0,3.8268526,0.0,0.0,0.066
2026-01-30 07:00:00+00:00,-2.0,52.641186,5.0,4.8965297,0.0,-0.1,0.066
2026-01-30 08:00:00+00:00,-2.6,55.028194,4.0,3.8521678,0.0,-0.15,0.066
2026-01-30 09:00:00+00:00,-2.7,55.65738,7.0,2.8116899,0.0,-0.25,0.066
2026-01-30 10:00:00+00:00,-3.1,58.249557,2.0,4.978554,0.0,-0.35,0.066
2026-01-30 11:00:00+00:00,-3.25,59.13672,1.0,6.050785,0.0,-0.4,0.066
2026-01-30 12:00:00+00:00,-3.2,50.243076,0.0,8.027677,0.0,-0.4,0.066
2026-01-30 13:00:00+00:00,-3.2,50.44521,2.0,5.815978,0.0,-0.5,0.066
2026-01-30 14:00:00+00:00,-3.35,51.837166,2.0,6.601363,0.0,-0.6,0.066
2026-01-30 15:00:00+00:00,-2.5,49.05618,13.0,7.6579366,32.0,-0.65,0.066
2026-01-30 16:00:00+00:00,0.35,39.82279,13.0,5.637765,181.0,-0.6,0.066
2026-01-30 17:00:00+00:00,3.4,32.415127,0.0,2.8174455,343.0,-0.45,0.066
2026-01-30 18:00:00+00:00,6.25,29.701382,1.0,2.7534704,472.0,0.05,0.066
2026-01-30 19:00:00+00:00,7.6,25.010336,8.0,1.0948973,542.0,0.25,0.066
2026-01-30 20:00:00+00:00,8.2,22.61264,47.0,3.494968,556.0,0.55,0.066
2026-01-30 21:00:00+00:00,8.45,21.703316,78.0,0.6489992,505.0,1.0,0.066
2026-01-30 22:00:00+00:00,8.5,21.629961,52.0,4.802999,401.0,3.2,0.066
2026-01-30 23:00:00+00:00,7.6,23.554667,59.0,5.232399,254.0,4.15,0.066
2026-01-31 00:00:00+00:00,5.45,28.651304,84.0,7.3997297,89.0,4.6,0.066
2026-01-31 01:00:00+00:00,4.9,31.22421,96.0,10.587917,1.0,3.9,0.066
2026-01-31 02:00:00+00:00,2.35,53.862953,29.0,14.637663,0.0,3.25,0.066
2026-01-31 03:00:00+00:00,0.35,64.09339,31.0,10.404249,0.0,2.15,0.066
2026-01-31 04:00:00+00:00,-0.9,70.99367,45.0,4.1556225,0.0,1.0,0.066
2026-01-31 05:00:00+00:00,-2.15,79.00875,70.0,4.8633323,0.0,0.7,0.066
2026-01-31 06:00:00+00:00,-3.3,88.35342,57.0,9.19939,0.0,0.55,0.066
2026-01-31 07:00:00+00:00,-4.2,94.86467,80.0,8.996398,0.0,0.45,0.066
2026-01-31 08:00:00+00:00,-4.55,97.02751,100.0,5.8631387,0.0,0.4,0.066
2026-01-31 09:00:00+00:00,-4.55,96.66154,100.0,1.6199999,0.0,0.3,0.066
2026-01-31 10:00:00+00:00,-4.35,95.21768,100.0,2.968636,0.0,0.25,0.066
2026-01-31 11:00:00+00:00,-4.25,94.50476,100.0,0.5091169,0.0,0.2,0.066
2026-01-31 12:00:00+00:00,-3.85,88.63863,98.0,4.4565907,0.0,-0.25,0.066
2026-01-31 13:00:00+00:00,-2.7,75.101814,100.0,4.2136917,0.0,-0.3,0.066
2026-01-31 14:00:00+00:00,-1.3,57.369537,93.0,8.723967,0.0,-0.3,0.066
2026-01-31 15:00:00+00:00,0.2,49.849003,34.0,12.669238,22.0,-0.35,0.066
2026-01-31 16:00:00+00:00,2.7,42.660847,48.0,16.152931,137.0,-0.25,0.066
2026-01-31 17:00:00+00:00,6.7,35.01102,30.0,8.338489,245.0,-0.15,0.066
2026-01-31 18:00:00+00:00,10.05,34.68881,48.0,3.644722,395.0,-0.15,0.066
2026-01-31 19:00:00+00:00,11.7,30.160654,18.0,2.7534704,530.0,0.1,0.066
2026-01-31 20:00:00+00:00,12.5,27.548197,16.0,3.7971036,540.0,0.35,0.066
2026-01-31 21:00:00+00:00,12.8,26.40172,14.0,6.6087217,496.0,0.7,0.066
2026-01-31 22:00:00+00:00,12.9,24.202324,5.0,13.433838,393.0,2.45,0.066
2026-01-31 23:00:00+00:00,11.55,26.550375,5.0,8.643749,247.0,4.2,0.066
2026-02-01 00:00:00+00:00,8.55,44.405354,1.0,2.3469126,90.0,5.75,0.092
2026-02-01 01:00:00+00:00,6.65,46.9145,4.0,3.219938,2.0,4.25,0.092
2026-02-01 02:00:00+00:00,4.8,49.087776,13.0,7.458606,0.0,2.95,0.092
2026-02-01 03:00:00+00:00,3.5,54.384476,6.0,2.0523157,0.0,1.85,0.092
2026-02-01 04:00:00+00:00,2.3,57.01026,24.0,3.06,0.0,0.85,0.092
2026-02-01 05:00:00+00:00,2.3,53.439648,11.0,6.28713,0.0,0.7,0.092
2026-02-01 06:00:00+00:00,1.35,51.95925,6.0,7.7420926,0.0,0.65,0.092
2026-02-01 07:00:00+00:00,0.0,56.17684,6.0,9.847496,0.0,0.6,0.092
2026-02-01 08:00:00+00:00,-0.75,57.51654,1.0,10.948973,0.0,0.5,0.092
2026-02-01 09:00:00+00:00,-1.25,58.283607,0.0,9.668195,0.0,0.45,0.092
2026-02-01 10:00:00+00:00,-1.35,56.910286,0.0,9.292255,0.0,0.35,0.092
2026-02-01 11:00:00+00:00,-1.35,55.374035,4.0,8.723967,0.0,0.3,0.092
2026-02-01 12:00:00+00:00,-1.55,50.12601,11.0,7.596341,0.0,0.05,0.092
2026-02-01 13:00:00+00:00,-1.0,47.199844,2.0,11.745604,0.0,-0.05,0.092
2026-02-01 14:00:00+00:00,-0.5,44.96931,95.0,12.864649,0.0,-0.05,0.092
2026-02-01 15:00:00+00:00,0.9,39.202847,100.0,13.149859,32.0,-0.1,0.092
2026-02-01 16:00:00+00:00,3.45,31.78808,98.0,13.337016,153.0,-0.05,0.092
2026-02-01 17:00:00+00:00,6.1,25.898796,83.0,10.8029995,285.0,0.1,0.092
2026-02-01 18:00:00+00:00,11.15,21.158705,37.0,6.519877,462.0,0.75,0.087
2026-02-01 19:00:00+00:00,13.35,20.680954,62.0,4.2366967,545.0,3.05,0.087
2026-02-01 20:00:00+00:00,14.6,18.92241,86.0,3.8939953,550.0,6.3,0.086
2026-02-01 21:00:00+00:00,15.4,16.421944,80.0,4.991553,494.0,8.65,0.086
2026-02-01 22:00:00+00:00,15.45,16.176723,80.0,3.6,396.0,10.0,0.085
2026-02-01 23:00:00+00:00,14.2,34.632465,90.0,2.9024127,256.0,10.25,0.085
2026-02-02 00:00:00+00:00,12.25,22.573938,27.0,6.6624317,90.0,9.8,0.046
2026-02-02 01:00:00+00:00,9.6,26.192963,31.0,7.289444,3.0,8.15,0.046
2026-02-02 02:00:00+00:00,7.15,32.028316,76.0,6.7397914,0.0,6.55,0.046
2026-02-02 03:00:00+00:00,5.15,38.074673,73.0,5.6233797,0.0,5.15,0.046
2026-02-02 04:00:00+00:00,4.15,40.51264,73.0,7.6388745,0.0,4.0,0.046
2026-02-02 05:00:00+00:00,2.5,45.163982,98.0,12.483749,0.0,3.1,0.046
2026-02-02 06:00:00+00:00,2.65,42.47952,100.0,15.035119,0.0,2.8,0.046
2026-02-02 07:00:00+00:00,2.0,42.782753,93.0,14.581111,0.0,2.2,0.046
2026-02-02 08:00:00+00:00,1.3,43.760063,97.0,14.248452,0.0,1.6,0.046
2026-02-02 09:00:00+00:00,0.5,45.093246,97.0,15.379206,0.0,1.05,0.046
2026-02-02 10:00:00+00:00,0.3,44.678173,98.0,15.710607,0.0,0.85,0.046
2026-02-02 11:00:00+00:00,-0.1,44.734158,98.0,15.484185,0.0,0.75,0.046
2026-02-02 12:00:00+00:00,0.7,44.272057,99.0,15.244842,0.0,0.8,0.084
2026-02-02 13:00:00+00:00,1.1,42.173943,100.0,11.672275,0.0,0.75,0.084
2026-02-02 14:00:00+00:00,0.8,43.436375,100.0,4.8899083,0.0,0.7,0.084
2026-02-02 15:00:00+00:00,1.25,49.189583,100.0,0.8049845,23.0,0.65,0.084
2026-02-02 16:00:00+00:00,3.0,35.118187,100.0,4.5,119.0,0.7,0.084
2026-02-02 17:00:00+00:00,5.8,30.277588,100.0,3.7842832,236.0,1.0,0.084
2026-02-02 18:00:00+00:00,9.2,24.778221,99.0,11.53265,291.0,2.85,0.086
2026-02-02 19:00:00+00:00,9.7,25.61406,100.0,9.354806,303.0,4.6,0.086
2026-02-02 20:00:00+00:00,11.05,23.5922,98.0,7.989242,304.0,6.1,0.086
2026-02-02 21:00:00+00:00,11.7,21.815926,99.0,6.830519,333.0,7.45,0.085
2026-02-02 22:00:00+00:00,12.0,21.055166,70.0,6.6818557,341.0,8.6,0.085
2026-02-02 23:00:00+00:00,11.4,21.563684,66.0,10.24578,222.0,8.8,0.084
2026-02-03 00:00:00+00:00,8.15,25.672094,0.0,4.91634,92.0,7.75,0.058
2026-02-03 01:00:00+00:00,7.65,24.727287,4.0,8.643749,3.0,6.3,0.058
2026-02-03 02:00:00+00:00,5.8,28.755814,9.0,8.209263,0.0,5.15,0.058
2026-02-03 03:00:00+00:00,4.6,32.39445,0.0,8.43699,0.0,4.05,0.058
2026-02-03 04:00:00+00:00,4.05,34.475,1.0,8.2584505,0.0,3.05,0.058
2026-02-03 05:00:00+00:00,3.55,36.134033,9.0,9.354806,0.0,2.3,0.058
2026-02-03 06:00:00+00:00,1.4,41.112514,30.0,3.2399998,0.0,1.3,0.058
2026-02-03 07:00:00+00:00,-0.2,46.879913,11.0,2.4482648,0.0,0.75,0.058
2026-02-03 08:00:00+00:00,-1.6,52.340496,37.0,4.863332,0.0,0.6,0.058
2026-02-03 09:00:00+00:00,-2.0,53.269466,27.0,6.050785,0.0,0.5,0.058
2026-02-03 10:00:00+00:00,-2.45,53.777676,23.0,4.3349743,0.0,0.4,0.058
2026-02-03 11:00:00+00:00,-2.65,53.934814,37.0,3.693291,0.0,0.35,0.058
2026-02-03 12:00:00+00:00,-3.05,62.04773,71.0,2.0991426,0.0,-0.45,0.081
2026-02-03 13:00:00+00:00,-3.3,62.71954,69.0,3.4247334,0.0,-0.5,0.081
2026-02-03 14:00:00+00:00,-3.4,63.43728,98.0,0.9,0.0,-0.6,0.081
2026-02-03 15:00:00+00:00,-1.65,54.21561,98.0,6.3231,25.0,-0.65,0.081
2026-02-03 16:00:00+00:00,1.1,43.01547,84.0,6.8423676,140.0,-0.55,0.081
2026-02-03 17:00:00+00:00,4.75,31.552483,70.0,2.8116899,321.0,-0.35,0.081
2026-02-03 18:00:00+00:00,7.25,28.959398,98.0,4.0449963,469.0,-0.1,0.081
2026-02-03 19:00:00+00:00,8.45,25.55615,78.0,4.913044,377.0,0.1,0.081
2026-02-03 20:00:00+00:00,8.7,25.628233,87.0,9.144637,433.0,0.3,0.082
2026-02-03 21:00:00+00:00,7.3,32.57561,96.0,15.629971,424.0,0.5,0.082
2026-02-03 22:00:00+00:00,5.85,47.92798,89.0,12.81165,241.0,0.7,0.082
2026-02-03 23:00:00+00:00,4.75,57.227386,49.0,2.4014995,194.0,0.9,0.082
2026-02-04 00:00:00+00:00,4.3,59.717712,42.0,4.846648,87.0,4.5,0.102
2026-02-04 01:00:00+00:00,3.1,61.67845,45.0,7.79215,3.0,3.4,0.102
2026-02-04 02:00:00+00:00,1.55,75.015656,58.0,4.0449963,0.0,2.45,0.102
2026-02-04 03:00:00+00:00,1.65,68.634544,73.0,4.7657523,0.0,1.4,0.103
2026-02-04 04:00:00+00:00,2.3,63.593044,54.0,5.4656014,0.0,0.95,0.103
2026-02-04 05:00:00+00:00,1.0,70.316,18.0,4.514377,0.0,0.8,0.103
2026-02-04 06:00:00+00:00,0.25,77.9155,51.0,2.1749482,0.0,0.7,0.103
2026-02-04 07:00:00+00:00,0.35,73.41536,25.0,0.40249225,0.0,0.55,0.103
2026-02-04 08:00:00+00:00,-0.05,76.999855,55.0,4.2481523,0.0,0.5,0.103
2026-02-04 09:00:00+00:00,-0.15,78.72747,23.0,6.193674,0.0,0.45,0.103
2026-02-04 10:00:00+00:00,-0.8,81.62362,33.0,5.2323985,0.0,0.4,0.103
2026-02-04 11:00:00+00:00,-0.8,78.03794,9.0,6.792466,0.0,0.35,0.103
2026-02-04 12:00:00+00:00,-2.35,78.67834,0.0,5.495161,0.0,0.25,0.102
2026-02-04 13:00:00+00:00,-2.95,79.4877,0.0,3.710795,0.0,0.2,0.102
2026-02-04 14:00:00+00:00,-2.85,77.70457,0.0,6.1858225,0.0,0.1,0.102
2026-02-04 15:00:00+00:00,-1.5,69.26576,0.0,10.931203,40.0,0.05,0.102
2026-02-04 16:00:00+00:00,1.25,56.730495,0.0,10.873252,195.0,0.1,0.102
2026-02-04 17:00:00+00:00,4.0,44.060535,0.0,10.621525,358.0,0.25,0.102
2026-02-04 18:00:00+00:00,6.0,39.681644,7.0,11.53265,488.0,0.45,0.1
2026-02-04 19:00:00+00:00,7.95,33.538002,88.0,9.9571085,563.0,0.75,0.1
2026-02-04 20:00:00+00:00,9.5,24.283361,23.0,8.027678,574.0,3.0,0.101
2026-02-04 21:00:00+00:00,10.6,20.5963,26.0,6.269067,530.0,5.5,0.101
2026-02-04 22:00:00+00:00,10.95,20.938017,83.0,6.1437774,423.0,7.05,0.101
2026-02-04 23:00:00+00:00,10.45,24.552647,32.0,4.5891175,272.0,7.5,0.101
2026-02-05 00:00:00+00:00,7.4,36.740795,97.0,5.6060677,103.0,6.4,0.108
2026-02-05 01:00:00+00:00,6.7,29.369698,97.0,8.64,4.0,5.05,0.108
2026-02-05 02:00:00+00:00,5.95,29.965221,100.0,8.731391,0.0,4.2,0.107
2026-02-05 03:00:00+00:00,3.85,40.421406,100.0,6.804381,0.0,3.25,0.107
2026-02-05 04:00:00+00:00,2.25,51.222363,99.0,7.256032,0.0,2.45,0.107
2026-02-05 05:00:00+00:00,1.15,59.136593,57.0,5.1919937,0.0,1.7,0.107
2026-02-05 06:00:00+00:00,-0.1,65.21738,63.0,2.8460498,0.0,1.2,0.107
2026-02-05 07:00:00+00:00,0.35,59.15577,6.0,7.0934615,0.0,0.8,0.107
2026-02-05 08:00:00+00:00,0.9,52.436886,3.0,10.730778,0.0,0.75,0.106
2026-02-05 09:00:00+00:00,0.9,51.431248,0.0,8.699793,0.0,0.7,0.106
2026-02-05 10:00:00+00:00,0.45,54.79846,0.0,6.156947,0.0,0.6,0.106
2026-02-05 11:00:00+00:00,0.05,56.407948,0.0,7.7900705,0.0,0.55,0.106
2026-02-05 12:00:00+00:00,-0.85,54.651783,44.0,10.399576,0.0,0.6,0.107
2026-02-05 13:00:00+00:00,-1.05,56.769585,3.0,11.177405,0.0,0.55,0.107
2026-02-05 14:00:00+00:00,-1.25,58.510735,16.0,11.103243,0.0,0.45,0.107
2026-02-05 15:00:00+00:00,-0.15,55.272694,0.0,12.750811,41.0,0.45,0.106
2026-02-05 16:00:00+00:00,2.55,47.1452,15.0,11.578912,193.0,0.55,0.106
2026-02-05 17:00:00+00:00,6.2,39.438873,13.0,9.708326,354.0,0.75,0.106
2026-02-05 18:00:00+00:00,10.8,32.748474,0.0,9.867218,480.0,2.7,0.1
2026-02-05 19:00:00+00:00,14.1,23.800215,1.0,10.390226,553.0,5.9,0.099
2026-02-05 20:00:00+00:00,16.2,20.558586,8.0,9.919618,568.0,8.65,0.098
2026-02-05 21:00:00+00:00,17.25,20.211042,10.0,5.426933,522.0,10.85,0.097
2026-02-05 22:00:00+00:00,17.25,20.834726,20.0,5.9617786,419.0,12.15,0.096
2026-02-05 23:00:00+00:00,16.15,24.551756,6.0,6.830519,272.0,12.4,0.095
2026-02-06 00:00:00+00:00,13.4,37.016953,0.0,4.6730714,106.0,12.1,0.09
2026-02-06 01:00:00+00:00,12.5,34.898266,0.0,0.9693296,5.0,10.25,0.09
2026-02-06 02:00:00+00:00,10.9,37.233494,0.0,0.742159,0.0,8.65,0.089
2026-02-06 03:00:00+00:00,7.95,43.736195,0.0,3.693291,0.0,7.2,0.089
2026-02-06 04:00:00+00:00,5.95,46.886856,0.0,7.562142,0.0,6.05,0.089
2026-02-06 05:00:00+00:00,4.9,50.620598,0.0,9.997699,0.0,5.15,0.089
2026-02-06 06:00:00+00:00,3.65,53.00578,0.0,11.843124,0.0,4.6,0.089
2026-02-06 07:00:00+00:00,2.75,56.914062,0.0,11.351422,0.0,3.85,0.089
2026-02-06 08:00:00+00:00,1.75,61.11378,0.0,9.693296,0.0,3.15,0.089
2026-02-06 09:00:00+00:00,0.6,66.62712,0.0,7.7420926,0.0,2.4,0.089
2026-02-06 10:00:00+00:00,-0.4,72.449814,0.0,5.8603754,0.0,1.75,0.089
2026-02-06 11:00:00+00:00,-0.75,73.20735,0.0,6.2379804,0.0,1.1,0.089
2026-02-06 12:00:00+00:00,-0.7,74.3304,0.0,3.096837,0.0,1.1,0.082
2026-02-06 13:00:00+00:00,0.05,67.0096,0.0,6.391901,0.0,0.85,0.082
2026-02-06 14:00:00+00:00,-0.4,67.67669,0.0,9.016185,0.0,0.75,0.082
2026-02-06 15:00:00+00:00,0.4,63.619827,0.0,10.196647,44.0,0.75,0.082
2026-02-06 16:00:00+00:00,3.65,51.03475,0.0,8.528657,199.0,0.95,0.082
2026-02-06 17:00:00+00:00,7.9,38.321545,0.0,6.122647,362.0,3.1,0.082
2026-02-06 18:00:00+00:00,12.45,27.533762,0.0,5.0688457,488.0,6.55,0.069
2026-02-06 19:00:00+00:00,15.2,20.85064,0.0,5.6262593,563.0,9.65,0.069
2026-02-06 20:00:00+00:00,17.05,17.555613,11.0,9.340941,579.0,12.3,0.069
2026-02-06 21:00:00+00:00,18.1,16.115467,13.0,9.54,533.0,14.2,0.069
2026-02-06 22:00:00+00:00,18.9,15.0333,94.0,7.6409945,429.0,15.45,0.069
2026-02-06 23:00:00+00:00,18.55,15.24682,96.0,8.027677,279.0,15.7,0.069
2026-02-07 00:00:00+00:00,15.0,20.243225,90.0,3.8856654,99.0,14.8,0.036
2026-02-07 01:00:00+00:00,12.3,24.408825,88.0,5.7628117,5.0,13.05,0.036
2026-02-07 02:00:00+00:00,10.75,28.759323,59.0,2.0523157,0.0,11.3,0.036
2026-02-07 03:00:00+00:00,9.1,33.370686,49.0,5.5916004,0.0,9.75,0.036
2026-02-07 04:00:00+00:00,6.9,41.030235,60.0,2.50064,0.0,8.35,0.036
2026-02-07 05:00:00+00:00,5.8,43.59229,65.0,7.570707,0.0,7.15,0.036
2026-02-07 06:00:00+00:00,4.5,47.35532,87.0,7.172949,0.0,6.8,0.013
2026-02-07 07:00:00+00:00,3.55,50.427742,59.0,9.668195,0.0,5.8,0.013
2026-02-07 08:00:00+00:00,2.65,53.536774,89.0,9.984729,0.0,4.9,0.013
2026-02-07 09:00:00+00:00,1.7,55.990067,34.0,11.833546,0.0,4.05,0.013
2026-02-07 10:00:00+00:00,1.1,55.827835,27.0,11.755254,0.0,3.3,0.013
2026-02-07 11:00:00+00:00,0.85,54.69737,60.0,12.295462,0.0,2.65,0.013
2026-02-07 12:00:00+00:00,1.1,52.696465,91.0,14.986553,0.0,2.4,0.02
2026-02-07 13:00:00+00:00,2.4,46.37706,84.0,16.59225,0.0,2.25,0.02
2026-02-07 14:00:00+00:00,2.7,44.527256,52.0,17.483181,0.0,2.1,0.02
2026-02-07 15:00:00+00:00,3.85,40.73699,44.0,17.414474,45.0,2.3,0.02
2026-02-07 16:00:00+00:00,6.8,32.424763,62.0,17.325876,196.0,3.45,0.02
2026-02-07 17:00:00+00:00,10.35,25.901234,80.0,17.725203,337.0,5.45,0.02
2026-02-07 18:00:00+00:00,15.6,16.99647,95.0,15.865546,470.0,8.5,0.01
2026-02-07 19:00:00+00:00,16.45,15.056504,74.0,14.221139,539.0,11.15,0.01
2026-02-07 20:00:00+00:00,16.95,14.243762,72.0,16.954432,563.0,13.35,0.01
2026-02-07 21:00:00+00:00,16.95,14.187419,36.0,16.87878,525.0,14.85,0.01
2026-02-07 22:00:00+00:00,16.6,14.679479,52.0,14.713831,434.0,15.65,0.01
2026-02-07 23:00:00+00:00,15.7,15.670068,0.0,13.684735,285.0,15.65,0.01
2026-02-08 00:00:00+00:00,14.35,18.420015,0.0,18.888851,116.0,14.85,0.01
2026-02-08 01:00:00+00:00,13.1,21.35133,0.0,14.2336645,6.0,13.6,0.01
2026-02-08 02:00:00+00:00,11.35,24.807564,0.0,9.208192,0.0,12.25,0.01
2026-02-08 03:00:00+00:00,10.25,28.612818,0.0,12.466867,0.0,10.95,0.01
2026-02-08 04:00:00+00:00,9.85,30.30637,0.0,11.583109,0.0,9.85,0.01
2026-02-08 05:00:00+00:00,9.05,32.10297,0.0,14.000713,0.0,8.95,0.01
2026-02-08 06:00:00+00:00,6.15,38.084496,0.0,6.9153743,0.0,8.05,0.01
2026-02-08 07:00:00+00:00,5.35,40.407623,2.0,9.021574,0.0,6.9,0.01
2026-02-08 08:00:00+00:00,4.55,42.887737,0.0,12.011544,0.0,5.95,0.01
2026-02-08 09:00:00+00:00,3.65,46.746605,8.0,11.966954,0.0,5.2,0.01
2026-02-08 10:00:00+00:00,3.25,47.351192,9.0,13.878688,0.0,4.55,0.01
2026-02-08 11:00:00+00:00,3.4,45.960426,3.0,15.659999,0.0,4.05,0.01
2026-02-08 12:00:00+00:00,2.95,47.081333,7.0,16.764177,0.0,3.95,0.01
2026-02-08 13:00:00+00:00,2.65,48.278736,21.0,16.299694,0.0,3.5,0.01
2026-02-08 14:00:00+00:00,2.5,48.983917,66.0,15.426535,0.0,3.1,0.01
2026-02-08 15:00:00+00:00,4.05,43.906208,88.0,13.75558,48.0,3.1,0.01
2026-02-08 16:00:00+00:00,7.05,35.252716,97.0,10.8029995,211.0,4.25,0.01
2026-02-08 17:00:00+00:00,10.05,27.47148,89.0,6.6697226,292.0,6.05,0.01
2026-02-08 18:00:00+00:00,14.3,19.67275,62.0,0.9,385.0,8.85,0.01
2026-02-08 19:00:00+00:00,16.35,15.577048,37.0,6.193674,549.0,11.85,0.01
2026-02-08 20:00:00+00:00,17.5,13.866278,66.0,5.1826253,609.0,14.5,0.01
2026-02-08 21:00:00+00:00,18.1,13.142279,86.0,5.8298883,546.0,16.4,0.01
2026-02-08 22:00:00+00:00,18.1,13.299473,64.0,4.6730714,411.0,17.3,0.01
2026-02-08 23:00:00+00:00,17.55,13.713543,22.0,3.644722,287.0,17.45,0.01
2026-02-09 00:00:00+00:00,15.1,16.807478,5.0,3.4763772,119.0,16.5,0.01
2026-02-09 01:00:00+00:00,13.05,19.73142,1.0,5.6492476,7.0,14.55,0.01
2026-02-09 02:00:00+00:00,10.75,25.318508,0.0,4.186693,0.0,12.7,0.01
2026-02-09 03:00:00+00:00,9.1,28.165522,6.0,4.471107,0.0,11.0,0.01
2026-02-09 04:00:00+00:00,8.3,29.846352,32.0,7.6473517,0.0,9.65,0.01
2026-02-09 05:00:00+00:00,7.65,30.474531,38.0,12.011544,0.0,8.6,0.01
2026-02-09 06:00:00+00:00,6.75,32.15784,64.0,15.639297,0.0,7.75,0.01
2026-02-09 07:00:00+00:00,5.35,36.970913,95.0,15.99571,0.0,7.0,0.01
2026-02-09 08:00:00+00:00,4.9,38.59313,98.0,14.474059,0.0,6.35,0.01
2026-02-09 09:00:00+00:00,4.35,40.416496,95.0,14.917212,0.0,5.75,0.01
2026-02-09 10:00:00+00:00,3.75,42.482063,99.0,15.027575,0.0,5.3,0.01
2026-02-09 11:00:00+00:00,2.95,44.775345,96.0,13.672893,0.0,4.7,0.01
2026-02-09 12:00:00+00:00,1.95,46.60437,72.0,10.223619,0.0,4.15,0.01
2026-02-09 13:00:00+00:00,1.6,46.50038,91.0,9.499158,0.0,3.45,0.01
2026-02-09 14:00:00+00:00,0.65,48.823265,72.0,11.442394,0.0,2.85,0.01
2026-02-09 15:00:00+00:00,1.7,43.881126,91.0,10.966713,49.0,2.65,0.01
2026-02-09 16:00:00+00:00,4.1,35.736237,83.0,2.97953,203.0,3.65,0.01
2026-02-09 17:00:00+00:00,7.95,26.647808,95.0,2.3400002,381.0,5.75,0.01
2026-02-09 18:00:00+00:00,13.95,16.992788,94.0,6.638072,509.0,8.95,0.01
2026-02-09 19:00:00+00:00,18.0,10.099808,76.0,5.3939967,574.0,12.1,0.01
2026-02-09 20:00:00+00:00,20.0,7.5609574,89.0,1.3708391,601.0,15.1,0.01
2026-02-09 21:00:00+00:00,20.4,6.9873505,48.0,5.004518,550.0,17.35,0.01
2026-02-09 22:00:00+00:00,20.05,8.357919,100.0,10.571074,450.0,18.4,0.01
2026-02-09 23:00:00+00:00,19.45,9.037955,100.0,13.213764,255.0,18.35,0.01
2026-02-10 00:00:00+00:00,17.45,12.8467655,96.0,18.965033,109.0,17.35,0.01
2026-02-10 01:00:00+00:00,16.4,13.730852,81.0,20.65848,7.0,16.15,0.01
2026-02-10 02:00:00+00:00,16.0,14.141775,93.0,19.59356,0.0,15.15,0.01
2026-02-10 03:00:00+00:00,15.45,15.062639,94.0,17.371632,0.0,14.25,0.01
2026-02-10 04:00:00+00:00,12.7,19.332142,99.0,10.152064,0.0,13.1,0.01
2026-02-10 05:00:00+00:00,8.75,41.427742,100.0,13.883356,0.0,12.0,0.01
2026-02-10 06:00:00+00:00,7.9,44.879124,99.0,6.7757506,0.0,10.9,0.01
2026-02-10 07:00:00+00:00,7.5,44.761665,100.0,6.122647,0.0,10.0,0.01
2026-02-10 08:00:00+00:00,6.8,40.844784,100.0,8.581677,0.0,9.15,0.01
2026-02-10 09:00:00+00:00,6.25,29.119827,91.0,10.304114,0.0,8.45,0.01
2026-02-10 10:00:00+00:00,4.85,40.256157,100.0,10.120098,0.0,7.65,0.01
2026-02-10 11:00:00+00:00,3.55,57.55583,72.0,11.013882,0.0,6.8,0.01
2026-02-10 12:00:00+00:00,2.65,63.43873,85.0,9.965239,0.0,5.85,0.01
2026-02-10 13:00:00+00:00,2.2,65.74618,25.0,10.495713,0.0,5.05,0.01
2026-02-10 14:00:00+00:00,1.65,67.36415,58.0,6.090812,0.0,4.25,0.01
2026-02-10 15:00:00+00:00,2.25,63.81977,60.0,6.9247384,47.0,3.95,0.01
2026-02-10 16:00:00+00:00,3.5,55.211243,42.0,8.197414,196.0,4.6,0.01
2026-02-10 17:00:00+00:00,4.8,46.022106,96.0,7.4520864,355.0,5.95,0.01
2026-02-10 18:00:00+00:00,5.95,40.5889,99.0,5.3426957,425.0,7.65,0.01
2026-02-10 19:00:00+00:00,7.0,36.200115,100.0,6.156947,490.0,9.4,0.01
2026-02-10 20:00:00+00:00,7.65,32.93481,100.0,6.12,460.0,10.75,0.01
2026-02-10 21:00:00+00:00,8.25,30.892372,98.0,7.3997297,500.0,12.0,0.01
2026-02-10 22:00:00+00:00,8.3,31.027233,60.0,7.9383874,374.0,12.4,0.01
2026-02-10 23:00:00+00:00,7.8,32.6,62.0,9.67657,279.0,12.2,0.01
